index;TravelPrice;allerdepart;allerarrivee;retourdepart;retourarrivee;allercompanie;retourcompanie;allertimetravel;retourtimetravel;allerescale;retourescales;allerdeparth;allerarriveeh;retourdeparth;retourarriveeh
0;108,97;Orly (ORY), Paris;Adolfo Suárez M... (MAD), Madrid;Adolfo Suárez M... (MAD), Madrid;Orly (ORY), Paris;· Iberia;· Iberia;2 h 05 min;2 h 05 min;direct;direct;07:30;09:35;14:30;16:35
1;109,37;Adolfo Suárez M... (MAD), Madrid;Orly (ORY), Paris;Orly (ORY), Paris;Adolfo Suárez M... (MAD), Madrid;· Transavia France;· Transavia France;2 h 05 min;2 h 05 min;direct;direct;14:50;16:55;16:50;18:55
2;108,97;Orly (ORY), Paris;Adolfo Suárez M... (MAD), Madrid;Adolfo Suárez M... (MAD), Madrid;Orly (ORY), Paris;· Iberia;· Iberia;2 h 05 min;2 h 05 min;direct;direct;07:30;09:35;16:35;18:40
3;126,37;Adolfo Suárez M... (MAD), Madrid;Orly (ORY), Paris;Orly (ORY), Paris;Adolfo Suárez M... (MAD), Madrid;· Iberia;· Iberia;2 h 05 min;2 h 05 min;direct;direct;07:30;09:35;11:35;13:40
4;127,33;Orly (ORY), Paris;Adolfo Suárez M... (MAD), Madrid;Adolfo Suárez M... (MAD), Madrid;Orly (ORY), Paris;· Iberia;· Iberia;2 h 05 min;2 h 05 min;direct;direct;10:15;12:20;14:30;16:35
5;127,33;Adolfo Suárez M... (MAD), Madrid;Orly (ORY), Paris;Orly (ORY), Paris;Adolfo Suárez M... (MAD), Madrid;· Iberia;· Iberia;2 h 05 min;2 h 05 min;direct;direct;10:15;12:20;16:35;18:40
6;108,97;Orly (ORY), Paris;Adolfo Suárez M... (MAD), Madrid;Adolfo Suárez M... (MAD), Madrid;Orly (ORY), Paris;· Iberia;· Iberia;2 h 05 min;2 h 05 min;direct;direct;07:30;09:35;18:05;20:10
7;129,25;Adolfo Suárez M... (MAD), Madrid;Orly (ORY), Paris;Orly (ORY), Paris;Adolfo Suárez M... (MAD), Madrid;· Iberia;· Iberia;2 h 05 min;2 h 05 min;direct;direct;12:40;14:45;11:35;13:40
8;112,56;Orly (ORY), Paris;Adolfo Suárez M... (MAD), Madrid;Adolfo Suárez M... (MAD), Madrid;Orly (ORY), Paris;· Iberia;· Iberia;2 h 05 min;2 h 05 min;direct;direct;14:25;16:30;16:35;18:40
9;127,33;Adolfo Suárez M... (MAD), Madrid;Orly (ORY), Paris;Orly (ORY), Paris;Adolfo Suárez M... (MAD), Madrid;· Iberia;· Iberia;2 h 05 min;2 h 05 min;direct;direct;17:20;19:25;18:05;20:10
10;112,56;Orly (ORY), Paris;Adolfo Suárez M... (MAD), Madrid;Adolfo Suárez M... (MAD), Madrid;Orly (ORY), Paris;· Iberia;· Iberia;2 h 05 min;2 h 05 min;direct;direct;14:25;16:30;18:05;20:10
11;127,33;Adolfo Suárez M... (MAD), Madrid;Orly (ORY), Paris;Orly (ORY), Paris;Adolfo Suárez M... (MAD), Madrid;· Iberia;· Iberia;2 h 05 min;2 h 05 min;direct;direct;17:20;19:25;16:35;18:40
12;112,56;Orly (ORY), Paris;Adolfo Suárez M... (MAD), Madrid;Adolfo Suárez M... (MAD), Madrid;Orly (ORY), Paris;· Iberia;· Iberia;2 h 05 min;2 h 05 min;direct;direct;12:40;14:45;16:35;18:40
13;129,25;Adolfo Suárez M... (MAD), Madrid;Orly (ORY), Paris;Orly (ORY), Paris;Adolfo Suárez M... (MAD), Madrid;· Iberia;· Iberia;2 h 05 min;2 h 05 min;direct;direct;14:25;16:30;11:35;13:40
14;127,33;Orly (ORY), Paris;Adolfo Suárez M... (MAD), Madrid;Adolfo Suárez M... (MAD), Madrid;Orly (ORY), Paris;· Iberia;· Iberia;2 h 05 min;2 h 05 min;direct;direct;10:15;12:20;18:05;20:10
15;112,56;Adolfo Suárez M... (MAD), Madrid;Orly (ORY), Paris;Orly (ORY), Paris;Adolfo Suárez M... (MAD), Madrid;· Iberia;· Iberia;2 h 05 min;2 h 05 min;direct;direct;14:25;16:30;14:30;16:35
16;102,69;Orly (ORY), Paris;Adolfo Suárez M... (MAD), Madrid;Adolfo Suárez M... (MAD), Madrid;Orly (ORY), Paris;· Iberia;· Iberia;2 h 05 min;2 h 05 min;direct;direct;07:30;09:35;20:10;22:15
17;112,56;Adolfo Suárez M... (MAD), Madrid;Orly (ORY), Paris;Orly (ORY), Paris;Adolfo Suárez M... (MAD), Madrid;· Iberia;· Iberia;2 h 05 min;2 h 05 min;direct;direct;12:40;14:45;14:30;16:35
18;69,25;Orly (ORY), Paris;Adolfo Suárez M... (MAD), Madrid;Adolfo Suárez M... (MAD), Madrid;Orly (ORY), Paris;· Ryanair;· Ryanair;12 h 05 min;14 h 00 min;1 escale;1 escale;10:10;22:15;21:45;11:45
19;136,93;Adolfo Suárez M... (MAD), Madrid;Orly (ORY), Paris;Orly (ORY), Paris;Adolfo Suárez M... (MAD), Madrid;· Iberia;· Iberia;2 h 05 min;2 h 05 min;direct;direct;10:15;12:20;11:35;13:40
20;131,35;Orly (ORY), Paris;Adolfo Suárez M... (MAD), Madrid;Adolfo Suárez M... (MAD), Madrid;Orly (ORY), Paris;· Iberia;· Iberia;2 h 15 min;2 h 10 min;direct;direct;11:40;13:55;19:55;22:05
21;105,38;Adolfo Suárez M... (MAD), Madrid;Orly (ORY), Paris;Orly (ORY), Paris;Adolfo Suárez M... (MAD), Madrid;· Iberia;· Iberia;2 h 05 min;2 h 05 min;direct;direct;14:25;16:30;20:10;22:15
22;112,56;Orly (ORY), Paris;Adolfo Suárez M... (MAD), Madrid;Adolfo Suárez M... (MAD), Madrid;Orly (ORY), Paris;· Iberia;· Iberia;2 h 05 min;2 h 05 min;direct;direct;12:40;14:45;18:05;20:10
23;142,70;Adolfo Suárez M... (MAD), Madrid;Orly (ORY), Paris;Orly (ORY), Paris;Adolfo Suárez M... (MAD), Madrid;· Iberia;· Iberia;2 h 05 min;2 h 05 min;direct;direct;19:25;21:30;18:05;20:10
24;127,33;Orly (ORY), Paris;Adolfo Suárez M... (MAD), Madrid;Adolfo Suárez M... (MAD), Madrid;Orly (ORY), Paris;· Iberia;· Iberia;2 h 05 min;2 h 05 min;direct;direct;17:20;19:25;14:30;16:35
25;148,63;Adolfo Suárez M... (MAD), Madrid;Orly (ORY), Paris;Orly (ORY), Paris;Adolfo Suárez M... (MAD), Madrid;· Iberia;· Iberia;2 h 05 min;2 h 10 min;direct;direct;10:15;12:20;19:55;22:05
26;142,70;Orly (ORY), Paris;Adolfo Suárez M... (MAD), Madrid;Adolfo Suárez M... (MAD), Madrid;Orly (ORY), Paris;· Iberia;· Iberia;2 h 05 min;2 h 05 min;direct;direct;19:25;21:30;16:35;18:40
27;105,38;Adolfo Suárez M... (MAD), Madrid;Orly (ORY), Paris;Orly (ORY), Paris;Adolfo Suárez M... (MAD), Madrid;· Iberia;· Iberia;2 h 05 min;2 h 05 min;direct;direct;12:40;14:45;20:10;22:15
28;137,99;Orly (ORY), Paris;Adolfo Suárez M... (MAD), Madrid;Adolfo Suárez M... (MAD), Madrid;Orly (ORY), Paris;· Iberia;· Iberia;2 h 05 min;2 h 10 min;direct;direct;12:40;14:45;19:55;22:05
29;73,60;Adolfo Suárez M... (MAD), Madrid;Orly (ORY), Paris;Orly (ORY), Paris;Adolfo Suárez M... (MAD), Madrid;· Ryanair;· Ryanair;5 h 20 min;14 h 00 min;1 escale;1 escale;16:55;22:15;21:45;11:45
30;145,58;Orly (ORY), Paris;Adolfo Suárez M... (MAD), Madrid;Adolfo Suárez M... (MAD), Madrid;Orly (ORY), Paris;· Iberia;· Iberia;2 h 05 min;2 h 05 min;direct;direct;07:30;09:35;09:50;11:55
31;142,70;Adolfo Suárez M... (MAD), Madrid;Orly (ORY), Paris;Orly (ORY), Paris;Adolfo Suárez M... (MAD), Madrid;· Iberia;· Iberia;2 h 05 min;2 h 05 min;direct;direct;20:55;23:00;18:05;20:10
32;99,50;Orly (ORY), Paris;Adolfo Suárez M... (MAD), Madrid;Adolfo Suárez M... (MAD), Madrid;Orly (ORY), Paris;· Ryanair;· Transavia France;2 h 05 min;2 h 05 min;direct;direct;18:15;20:20;16:50;18:55
33;142,70;Adolfo Suárez M... (MAD), Madrid;Orly (ORY), Paris;Orly (ORY), Paris;Adolfo Suárez M... (MAD), Madrid;· Iberia;· Iberia;2 h 05 min;2 h 05 min;direct;direct;20:55;23:00;16:35;18:40
34;112,56;Orly (ORY), Paris;Adolfo Suárez M... (MAD), Madrid;Adolfo Suárez M... (MAD), Madrid;Orly (ORY), Paris;· Iberia;· Iberia;2 h 05 min;2 h 05 min;direct;direct;17:20;19:25;20:10;22:15
35;137,99;Adolfo Suárez M... (MAD), Madrid;Orly (ORY), Paris;Paris Beauvais (BVA), Paris;Adolfo Suárez M... (MAD), Madrid;· Iberia;· Iberia;2 h 05 min;2 h 10 min;direct;direct;14:25;16:30;19:55;22:05
36;142,70;Paris Beauvais (BVA), Paris;Adolfo Suárez M... (MAD), Madrid;Adolfo Suárez M... (MAD), Madrid;Paris Beauvais (BVA), Paris;· Iberia;· Iberia;2 h 05 min;2 h 05 min;direct;direct;19:25;21:30;14:30;16:35
37;139,14;Adolfo Suárez M... (MAD), Madrid;Paris Beauvais (BVA), Paris;Orly (ORY), Paris;Adolfo Suárez M... (MAD), Madrid;· Iberia;· Iberia;2 h 15 min;2 h 05 min;direct;direct;11:40;13:55;20:10;22:15
38;136,93;Orly (ORY), Paris;Adolfo Suárez M... (MAD), Madrid;Adolfo Suárez M... (MAD), Madrid;Orly (ORY), Paris;· Iberia;· Iberia;2 h 05 min;2 h 05 min;direct;direct;17:20;19:25;11:35;13:40
39;112,56;Adolfo Suárez M... (MAD), Madrid;Orly (ORY), Paris;Charles De Gaul... (CDG), Paris;Adolfo Suárez M... (MAD), Madrid;· Iberia;· Iberia;2 h 05 min;2 h 05 min;direct;direct;10:15;12:20;20:10;22:15
40;101,64;Charles De Gaul... (CDG), Paris;Adolfo Suárez M... (MAD), Madrid;Adolfo Suárez M... (MAD), Madrid;Charles De Gaul... (CDG), Paris;· Ryanair;· Iberia;2 h 05 min;2 h 05 min;direct;direct;18:15;20:20;20:10;22:15
41;135,01;Adolfo Suárez M... (MAD), Madrid;Charles De Gaul... (CDG), Paris;Orly (ORY), Paris;Adolfo Suárez M... (MAD), Madrid;· Iberia;· Iberia;2 h 05 min;2 h 05 min;direct;direct;19:25;21:30;20:10;22:15
42;142,70;Orly (ORY), Paris;Adolfo Suárez M... (MAD), Madrid;Adolfo Suárez M... (MAD), Madrid;Orly (ORY), Paris;· Iberia;· Iberia;2 h 05 min;2 h 05 min;direct;direct;20:55;23:00;14:30;16:35
43;135,01;Adolfo Suárez M... (MAD), Madrid;Orly (ORY), Paris;Orly (ORY), Paris;Adolfo Suárez M... (MAD), Madrid;· Iberia;· Iberia;2 h 05 min;2 h 05 min;direct;direct;20:55;23:00;20:10;22:15
44;93,01;Orly (ORY), Paris;Adolfo Suárez M... (MAD), Madrid;Adolfo Suárez M... (MAD), Madrid;Orly (ORY), Paris;· Ryanair;· Transavia France;5 h 20 min;2 h 05 min;1 escale;direct;16:55;22:15;16:50;18:55
45;84,56;Adolfo Suárez M... (MAD), Madrid;Orly (ORY), Paris;Orly (ORY), Paris;Adolfo Suárez M... (MAD), Madrid;· Ryanair;· Différentes compagnies;5 h 20 min;12 h 10 min;1 escale;1 escale;16:55;22:15;21:45;09:55
46;86,03;Orly (ORY), Paris;Adolfo Suárez M... (MAD), Madrid;Adolfo Suárez M... (MAD), Madrid;Orly (ORY), Paris;· Ryanair;· Différentes compagnies;5 h 20 min;7 h 55 min;1 escale;1 escale;16:55;22:15;07:05;15:00
47;79,64;Adolfo Suárez M... (MAD), Madrid;Orly (ORY), Paris;Orly (ORY), Paris;Adolfo Suárez M... (MAD), Madrid;· Ryanair;· Ryanair;2 h 05 min;14 h 00 min;direct;1 escale;18:15;20:20;21:45;11:45
48;95,15;Orly (ORY), Paris;Adolfo Suárez M... (MAD), Madrid;Adolfo Suárez M... (MAD), Madrid;Orly (ORY), Paris;· Ryanair;· Iberia;5 h 20 min;2 h 05 min;1 escale;direct;16:55;22:15;20:10;22:15
49;75,50;Adolfo Suárez M... (MAD), Madrid;Orly (ORY), Paris;Orly (ORY), Paris;Adolfo Suárez M... (MAD), Madrid;· Ryanair;· Ryanair;12 h 05 min;10 h 05 min;1 escale;1 escale;10:10;22:15;23:15;09:20
50;103,21;Orly (ORY), Paris;Adolfo Suárez M... (MAD), Madrid;Adolfo Suárez M... (MAD), Madrid;Charles De Gaul... (CDG), Paris;· Ryanair;· Iberia;5 h 20 min;2 h 05 min;1 escale;direct;16:55;22:15;18:05;20:10
51;103,39;Adolfo Suárez M... (MAD), Madrid;Charles De Gaul... (CDG), Paris;Orly (ORY), Paris;Adolfo Suárez M... (MAD), Madrid;· Différentes compagnies;· Transavia France;6 h 05 min;2 h 05 min;1 escale;direct;10:10;16:15;16:50;18:55
52;103,21;Orly (ORY), Paris;Adolfo Suárez M... (MAD), Madrid;Adolfo Suárez M... (MAD), Madrid;Orly (ORY), Paris;· Ryanair;· Iberia;5 h 20 min;2 h 05 min;1 escale;direct;16:55;22:15;16:35;18:40
53;105,53;Adolfo Suárez M... (MAD), Madrid;Orly (ORY), Paris;Orly (ORY), Paris;Adolfo Suárez M... (MAD), Madrid;· Différentes compagnies;· Iberia;6 h 05 min;2 h 05 min;1 escale;direct;10:10;16:15;20:10;22:15
54;103,21;Orly (ORY), Paris;Adolfo Suárez M... (MAD), Madrid;Adolfo Suárez M... (MAD), Madrid;Orly (ORY), Paris;· Ryanair;· Iberia;5 h 20 min;2 h 05 min;1 escale;direct;16:55;22:15;14:30;16:35
55;79,08;Adolfo Suárez M... (MAD), Madrid;Orly (ORY), Paris;Orly (ORY), Paris;Adolfo Suárez M... (MAD), Madrid;· Ryanair;· Différentes compagnies;12 h 05 min;12 h 10 min;1 escale;1 escale;10:10;22:15;21:45;09:55
56;80,55;Orly (ORY), Paris;Adolfo Suárez M... (MAD), Madrid;Adolfo Suárez M... (MAD), Madrid;Charles De Gaul... (CDG), Paris;· Ryanair;· Différentes compagnies;12 h 05 min;7 h 55 min;1 escale;1 escale;10:10;22:15;07:05;15:00
57;71,32;Adolfo Suárez M... (MAD), Madrid;Charles De Gaul... (CDG), Paris;Paris Beauvais (BVA), Paris;Adolfo Suárez M... (MAD), Madrid;· Ryanair;· Ryanair;12 h 05 min;15 h 15 min;1 escale;1 escale;10:10;22:15;23:15;14:30
58;106,80;Paris Beauvais (BVA), Paris;Adolfo Suárez M... (MAD), Madrid;Adolfo Suárez M... (MAD), Madrid;Paris Beauvais (BVA), Paris;· Ryanair;· Iberia;5 h 20 min;2 h 10 min;1 escale;direct;16:55;22:15;19:55;22:05
59;87,53;Adolfo Suárez M... (MAD), Madrid;Paris Beauvais (BVA), Paris;Orly (ORY), Paris;Adolfo Suárez M... (MAD), Madrid;· Ryanair;· Transavia France;12 h 05 min;2 h 05 min;1 escale;direct;10:10;22:15;16:50;18:55
60;89,67;Orly (ORY), Paris;Adolfo Suárez M... (MAD), Madrid;Adolfo Suárez M... (MAD), Madrid;Orly (ORY), Paris;· Ryanair;· Iberia;12 h 05 min;2 h 05 min;1 escale;direct;10:10;22:15;20:10;22:15
61;92,18;Adolfo Suárez M... (MAD), Madrid;Orly (ORY), Paris;Orly (ORY), Paris;Adolfo Suárez M... (MAD), Madrid;· Ryanair;· Différentes compagnies;2 h 05 min;12 h 10 min;direct;1 escale;18:15;20:20;21:45;09:55
62;93,65;Orly (ORY), Paris;Adolfo Suárez M... (MAD), Madrid;Adolfo Suárez M... (MAD), Madrid;Orly (ORY), Paris;· Ryanair;· Différentes compagnies;2 h 05 min;7 h 55 min;direct;1 escale;18:15;20:20;07:05;15:00
63;94,94;Adolfo Suárez M... (MAD), Madrid;Orly (ORY), Paris;Paris Beauvais (BVA), Paris;Adolfo Suárez M... (MAD), Madrid;· Différentes compagnies;· Différentes compagnies;6 h 05 min;12 h 10 min;1 escale;1 escale;10:10;16:15;21:45;09:55
64;84,28;Paris Beauvais (BVA), Paris;Adolfo Suárez M... (MAD), Madrid;Adolfo Suárez M... (MAD), Madrid;Orly (ORY), Paris;· Ryanair;· Différentes compagnies;12 h 05 min;16 h 00 min;1 escale;1 escale;10:10;22:15;06:30;22:30
65;102,20;Adolfo Suárez M... (MAD), Madrid;Orly (ORY), Paris;Orly (ORY), Paris;Adolfo Suárez M... (MAD), Madrid;· Iberia;· Différentes compagnies;2 h 05 min;12 h 10 min;direct;1 escale;14:25;16:30;21:45;09:55
66;77,58;Orly (ORY), Paris;Adolfo Suárez M... (MAD), Madrid;Adolfo Suárez M... (MAD), Madrid;Orly (ORY), Paris;· Ryanair;· Ryanair;16 h 15 min;14 h 00 min;1 escale;1 escale;16:55;09:10;21:45;11:45
67;96,41;Adolfo Suárez M... (MAD), Madrid;Orly (ORY), Paris;Orly (ORY), Paris;Adolfo Suárez M... (MAD), Madrid;· Différentes compagnies;· Différentes compagnies;6 h 05 min;7 h 55 min;1 escale;1 escale;10:10;16:15;07:05;15:00
68;91,55;Orly (ORY), Paris;Adolfo Suárez M... (MAD), Madrid;Adolfo Suárez M... (MAD), Madrid;Orly (ORY), Paris;· Ryanair;· Différentes compagnies;5 h 20 min;11 h 20 min;1 escale;1 escale;16:55;22:15;10:30;21:50
69;97,38;Adolfo Suárez M... (MAD), Madrid;Orly (ORY), Paris;Orly (ORY), Paris;Adolfo Suárez M... (MAD), Madrid;· Ryanair;· Différentes compagnies;2 h 05 min;16 h 00 min;direct;1 escale;18:15;20:20;06:30;22:30
70;83,91;Orly (ORY), Paris;Adolfo Suárez M... (MAD), Madrid;Adolfo Suárez M... (MAD), Madrid;Charles De Gaul... (CDG), Paris;· Ryanair;· Ryanair;11 h 00 min;14 h 00 min;1 escale;1 escale;22:10;09:10;21:45;11:45
71;106,00;Adolfo Suárez M... (MAD), Madrid;Charles De Gaul... (CDG), Paris;Orly (ORY), Paris;Adolfo Suárez M... (MAD), Madrid;· Ryanair;· Transavia France;11 h 00 min;2 h 05 min;1 escale;direct;22:10;09:10;16:50;18:55
72;102,20;Orly (ORY), Paris;Adolfo Suárez M... (MAD), Madrid;Adolfo Suárez M... (MAD), Madrid;Orly (ORY), Paris;· Iberia;· Différentes compagnies;2 h 05 min;12 h 10 min;direct;1 escale;12:40;14:45;21:45;09:55
73;108,14;Adolfo Suárez M... (MAD), Madrid;Orly (ORY), Paris;Charles De Gaul... (CDG), Paris;Adolfo Suárez M... (MAD), Madrid;· Ryanair;· Iberia;11 h 00 min;2 h 05 min;1 escale;direct;22:10;09:10;20:10;22:15
74;89,76;Charles De Gaul... (CDG), Paris;Adolfo Suárez M... (MAD), Madrid;Adolfo Suárez M... (MAD), Madrid;Orly (ORY), Paris;· Ryanair;· Différentes compagnies;5 h 20 min;16 h 00 min;1 escale;1 escale;16:55;22:15;06:30;22:30
75;75,07;Adolfo Suárez M... (MAD), Madrid;Orly (ORY), Paris;Orly (ORY), Paris;Adolfo Suárez M... (MAD), Madrid;· Ryanair;· Ryanair;12 h 05 min;20 h 55 min;1 escale;1 escale;10:10;22:15;23:15;20:10
76;78,21;Orly (ORY), Paris;Adolfo Suárez M... (MAD), Madrid;Adolfo Suárez M... (MAD), Madrid;Orly (ORY), Paris;· Ryanair;· Ryanair;13 h 30 min;14 h 00 min;1 escale;1 escale;19:40;09:10;21:45;11:45
77;97,74;Adolfo Suárez M... (MAD), Madrid;Orly (ORY), Paris;Orly (ORY), Paris;Adolfo Suárez M... (MAD), Madrid;· Ryanair;· Iberia;12 h 05 min;2 h 05 min;1 escale;direct;10:10;22:15;18:05;20:10
78;100,78;Orly (ORY), Paris;Adolfo Suárez M... (MAD), Madrid;Adolfo Suárez M... (MAD), Madrid;Orly (ORY), Paris;· Ryanair;· Easyjet;5 h 20 min;10 h 50 min;1 escale;1 escale;16:55;22:15;23:05;09:55
79;101,32;Adolfo Suárez M... (MAD), Madrid;Orly (ORY), Paris;Paris Beauvais (BVA), Paris;Adolfo Suárez M... (MAD), Madrid;· Ryanair;· Iberia;12 h 05 min;2 h 10 min;1 escale;direct;10:10;22:15;19:55;22:05
80;84,40;Paris Beauvais (BVA), Paris;Adolfo Suárez M... (MAD), Madrid;Adolfo Suárez M... (MAD), Madrid;Orly (ORY), Paris;· Ryanair;· Différentes compagnies;12 h 05 min;19 h 25 min;1 escale;1 escale;10:10;22:15;19:05;14:30
81;86,07;Adolfo Suárez M... (MAD), Madrid;Orly (ORY), Paris;Orly (ORY), Paris;Adolfo Suárez M... (MAD), Madrid;· Ryanair;· Différentes compagnies;12 h 05 min;11 h 20 min;1 escale;1 escale;10:10;22:15;10:30;21:50
82;97,74;Orly (ORY), Paris;Adolfo Suárez M... (MAD), Madrid;Adolfo Suárez M... (MAD), Madrid;Orly (ORY), Paris;· Ryanair;· Iberia;12 h 05 min;2 h 05 min;1 escale;direct;10:10;22:15;14:30;16:35
83;97,74;Adolfo Suárez M... (MAD), Madrid;Orly (ORY), Paris;Orly (ORY), Paris;Adolfo Suárez M... (MAD), Madrid;· Ryanair;· Iberia;12 h 05 min;2 h 05 min;1 escale;direct;10:10;22:15;16:35;18:40
84;103,67;Orly (ORY), Paris;Adolfo Suárez M... (MAD), Madrid;Adolfo Suárez M... (MAD), Madrid;Orly (ORY), Paris;· Iberia;· Différentes compagnies;2 h 05 min;7 h 55 min;direct;1 escale;14:25;16:30;07:05;15:00
85;103,67;Adolfo Suárez M... (MAD), Madrid;Orly (ORY), Paris;Orly (ORY), Paris;Adolfo Suárez M... (MAD), Madrid;· Iberia;· Différentes compagnies;2 h 05 min;7 h 55 min;direct;1 escale;12:40;14:45;07:05;15:00
86;107,69;Orly (ORY), Paris;Adolfo Suárez M... (MAD), Madrid;Adolfo Suárez M... (MAD), Madrid;Orly (ORY), Paris;· Ryanair;· Différentes compagnies;5 h 20 min;12 h 00 min;1 escale;1 escale;16:55;22:15;10:30;22:30
87;102,82;Adolfo Suárez M... (MAD), Madrid;Orly (ORY), Paris;Paris Beauvais (BVA), Paris;Adolfo Suárez M... (MAD), Madrid;· Différentes compagnies;· Ryanair;6 h 05 min;14 h 00 min;1 escale;1 escale;10:10;16:15;21:45;11:45
88;108,40;Paris Beauvais (BVA), Paris;Adolfo Suárez M... (MAD), Madrid;Adolfo Suárez M... (MAD), Madrid;Orly (ORY), Paris;· Ryanair;· Easyjet;2 h 05 min;10 h 50 min;direct;1 escale;18:15;20:20;23:05;09:55
89;108,66;Adolfo Suárez M... (MAD), Madrid;Orly (ORY), Paris;Paris Beauvais (BVA), Paris;Adolfo Suárez M... (MAD), Madrid;· Ryanair;· Différentes compagnies;5 h 20 min;12 h 40 min;1 escale;1 escale;16:55;22:15;23:05;11:45
90;89,58;Paris Beauvais (BVA), Paris;Adolfo Suárez M... (MAD), Madrid;Adolfo Suárez M... (MAD), Madrid;Paris Beauvais (BVA), Paris;· Ryanair;· Différentes compagnies;16 h 15 min;12 h 10 min;1 escale;1 escale;16:55;09:10;21:45;09:55
91;89,66;Adolfo Suárez M... (MAD), Madrid;Paris Beauvais (BVA), Paris;Paris Beauvais (BVA), Paris;Adolfo Suárez M... (MAD), Madrid;· Ryanair;· Différentes compagnies;12 h 05 min;14 h 15 min;1 escale;1 escale;10:10;22:15;19:05;09:20
92;89,87;Paris Beauvais (BVA), Paris;Adolfo Suárez M... (MAD), Madrid;Adolfo Suárez M... (MAD), Madrid;Paris Beauvais (BVA), Paris;· Ryanair;· Différentes compagnies;5 h 20 min;19 h 25 min;1 escale;1 escale;16:55;22:15;19:05;14:30
93;91,05;Adolfo Suárez M... (MAD), Madrid;Paris Beauvais (BVA), Paris;Paris Beauvais (BVA), Paris;Adolfo Suárez M... (MAD), Madrid;· Ryanair;· Différentes compagnies;16 h 15 min;7 h 55 min;1 escale;1 escale;16:55;09:10;07:05;15:00
94;94,78;Paris Beauvais (BVA), Paris;Adolfo Suárez M... (MAD), Madrid;Adolfo Suárez M... (MAD), Madrid;Paris Beauvais (BVA), Paris;· Ryanair;· Différentes compagnies;16 h 15 min;16 h 00 min;1 escale;1 escale;16:55;09:10;06:30;22:30
95;95,04;Adolfo Suárez M... (MAD), Madrid;Paris Beauvais (BVA), Paris;Paris Beauvais (BVA), Paris;Adolfo Suárez M... (MAD), Madrid;· Ryanair;· Différentes compagnies;12 h 05 min;6 h 50 min;1 escale;1 escale;10:10;22:15;15:00;21:50
96;97,55;Paris Beauvais (BVA), Paris;Adolfo Suárez M... (MAD), Madrid;Adolfo Suárez M... (MAD), Madrid;Orly (ORY), Paris;· Ryanair;· Différentes compagnies;11 h 00 min;12 h 10 min;1 escale;1 escale;22:10;09:10;21:45;09:55
97;98,03;Adolfo Suárez M... (MAD), Madrid;Orly (ORY), Paris;Paris Beauvais (BVA), Paris;Adolfo Suárez M... (MAD), Madrid;· Ryanair;· Transavia France;16 h 15 min;2 h 05 min;1 escale;direct;16:55;09:10;16:50;18:55
98;98,38;Paris Beauvais (BVA), Paris;Adolfo Suárez M... (MAD), Madrid;Adolfo Suárez M... (MAD), Madrid;Paris Beauvais (BVA), Paris;· Ryanair;· Différentes compagnies;5 h 20 min;19 h 35 min;1 escale;1 escale;16:55;22:15;21:45;17:20
99;98,83;Adolfo Suárez M... (MAD), Madrid;Paris Beauvais (BVA), Paris;Paris Beauvais (BVA), Paris;Adolfo Suárez M... (MAD), Madrid;· Ryanair;· Transavia France;13 h 30 min;2 h 05 min;1 escale;direct;19:40;09:10;16:50;18:55
100;100,14;Paris Beauvais (BVA), Paris;Adolfo Suárez M... (MAD), Madrid;Adolfo Suárez M... (MAD), Madrid;Orly (ORY), Paris;· Différentes compagnies;· Différentes compagnies;6 h 05 min;16 h 00 min;1 escale;1 escale;10:10;16:15;06:30;22:30
101;100,17;Adolfo Suárez M... (MAD), Madrid;Orly (ORY), Paris;Paris Beauvais (BVA), Paris;Adolfo Suárez M... (MAD), Madrid;· Ryanair;· Iberia;16 h 15 min;2 h 05 min;1 escale;direct;16:55;09:10;20:10;22:15
102;100,96;Paris Beauvais (BVA), Paris;Adolfo Suárez M... (MAD), Madrid;Adolfo Suárez M... (MAD), Madrid;Orly (ORY), Paris;· Ryanair;· Iberia;13 h 30 min;2 h 05 min;1 escale;direct;19:40;09:10;20:10;22:15
103;102,21;Adolfo Suárez M... (MAD), Madrid;Orly (ORY), Paris;Paris Beauvais (BVA), Paris;Adolfo Suárez M... (MAD), Madrid;· Ryanair;· Différentes compagnies;12 h 05 min;12 h 00 min;1 escale;1 escale;10:10;22:15;10:30;22:30
104;106,70;Paris Beauvais (BVA), Paris;Adolfo Suárez M... (MAD), Madrid;Adolfo Suárez M... (MAD), Madrid;Orly (ORY), Paris;· Ryanair;· Iberia;12 h 05 min;2 h 05 min;1 escale;direct;10:10;22:15;11:35;13:40
105;107,40;Adolfo Suárez M... (MAD), Madrid;Orly (ORY), Paris;Paris Beauvais (BVA), Paris;Adolfo Suárez M... (MAD), Madrid;· Iberia;· Différentes compagnies;2 h 05 min;16 h 00 min;direct;1 escale;14:25;16:30;06:30;22:30
106;107,40;Paris Beauvais (BVA), Paris;Adolfo Suárez M... (MAD), Madrid;Adolfo Suárez M... (MAD), Madrid;Orly (ORY), Paris;· Iberia;· Différentes compagnies;2 h 05 min;16 h 00 min;direct;1 escale;12:40;14:45;06:30;22:30
107;107,70;Adolfo Suárez M... (MAD), Madrid;Orly (ORY), Paris;Paris Beauvais (BVA), Paris;Adolfo Suárez M... (MAD), Madrid;· Ryanair;· Différentes compagnies;5 h 20 min;6 h 40 min;1 escale;1 escale;16:55;22:15;06:30;13:10
108;130,69;Paris Beauvais (BVA), Paris;Adolfo Suárez M... (MAD), Madrid;Adolfo Suárez M... (MAD), Madrid;Orly (ORY), Paris;· Différentes compagnies;· Différentes compagnies;7 h 25 min;12 h 10 min;1 escale;1 escale;16:55;00:20;21:45;09:55
109;90,38;Adolfo Suárez M... (MAD), Madrid;Orly (ORY), Paris;Paris Beauvais (BVA), Paris;Adolfo Suárez M... (MAD), Madrid;· Ryanair;· Différentes compagnies;13 h 30 min;12 h 10 min;1 escale;1 escale;19:40;09:10;21:45;09:55
110;91,85;Paris Beauvais (BVA), Paris;Adolfo Suárez M... (MAD), Madrid;Adolfo Suárez M... (MAD), Madrid;Paris Beauvais (BVA), Paris;· Ryanair;· Différentes compagnies;13 h 30 min;7 h 55 min;1 escale;1 escale;19:40;09:10;07:05;15:00
111;92,90;Adolfo Suárez M... (MAD), Madrid;Paris Beauvais (BVA), Paris;Paris Beauvais (BVA), Paris;Adolfo Suárez M... (MAD), Madrid;· Ryanair;· Différentes compagnies;12 h 05 min;19 h 35 min;1 escale;1 escale;10:10;22:15;21:45;17:20
112;94,89;Paris Beauvais (BVA), Paris;Adolfo Suárez M... (MAD), Madrid;Adolfo Suárez M... (MAD), Madrid;Paris Beauvais (BVA), Paris;· Ryanair;· Différentes compagnies;16 h 15 min;19 h 25 min;1 escale;1 escale;16:55;09:10;19:05;14:30
113;95,30;Adolfo Suárez M... (MAD), Madrid;Paris Beauvais (BVA), Paris;Paris Beauvais (BVA), Paris;Adolfo Suárez M... (MAD), Madrid;· Ryanair;· Easyjet;12 h 05 min;10 h 50 min;1 escale;1 escale;10:10;22:15;23:05;09:55
114;95,58;Paris Beauvais (BVA), Paris;Adolfo Suárez M... (MAD), Madrid;Adolfo Suárez M... (MAD), Madrid;Paris Beauvais (BVA), Paris;· Ryanair;· Différentes compagnies;13 h 30 min;16 h 00 min;1 escale;1 escale;19:40;09:10;06:30;22:30
115;99,02;Adolfo Suárez M... (MAD), Madrid;Paris Beauvais (BVA), Paris;Paris Beauvais (BVA), Paris;Adolfo Suárez M... (MAD), Madrid;· Ryanair;· Différentes compagnies;11 h 00 min;7 h 55 min;1 escale;1 escale;22:10;09:10;07:05;15:00
116;101,50;Paris Beauvais (BVA), Paris;Adolfo Suárez M... (MAD), Madrid;Adolfo Suárez M... (MAD), Madrid;Charles De Gaul... (CDG), Paris;· Différentes compagnies;· Différentes compagnies;16 h 15 min;12 h 10 min;1 escale;1 escale;06:00;22:15;21:45;09:55
117;101,74;Adolfo Suárez M... (MAD), Madrid;Charles De Gaul... (CDG), Paris;Paris Beauvais (BVA), Paris;Adolfo Suárez M... (MAD), Madrid;· Différentes compagnies;· Différentes compagnies;13 h 05 min;12 h 10 min;1 escale;1 escale;09:50;22:55;21:45;09:55
118;102,22;Paris Beauvais (BVA), Paris;Adolfo Suárez M... (MAD), Madrid;Adolfo Suárez M... (MAD), Madrid;Orly (ORY), Paris;· Ryanair;· Différentes compagnies;12 h 05 min;6 h 40 min;1 escale;1 escale;10:10;22:15;06:30;13:10
119;102,75;Adolfo Suárez M... (MAD), Madrid;Orly (ORY), Paris;Paris Beauvais (BVA), Paris;Adolfo Suárez M... (MAD), Madrid;· Ryanair;· Différentes compagnies;11 h 00 min;16 h 00 min;1 escale;1 escale;22:10;09:10;06:30;22:30
120;102,97;Paris Beauvais (BVA), Paris;Adolfo Suárez M... (MAD), Madrid;Adolfo Suárez M... (MAD), Madrid;Orly (ORY), Paris;· Différentes compagnies;· Différentes compagnies;16 h 15 min;7 h 55 min;1 escale;1 escale;06:00;22:15;07:05;15:00
121;103,18;Adolfo Suárez M... (MAD), Madrid;Orly (ORY), Paris;Paris Beauvais (BVA), Paris;Adolfo Suárez M... (MAD), Madrid;· Ryanair;· Différentes compagnies;12 h 05 min;12 h 40 min;1 escale;1 escale;10:10;22:15;23:05;11:45
122;103,21;Paris Beauvais (BVA), Paris;Adolfo Suárez M... (MAD), Madrid;Adolfo Suárez M... (MAD), Madrid;Paris Beauvais (BVA), Paris;· Différentes compagnies;· Différentes compagnies;13 h 05 min;7 h 55 min;1 escale;1 escale;09:50;22:55;07:05;15:00
123;103,40;Adolfo Suárez M... (MAD), Madrid;Paris Beauvais (BVA), Paris;Paris Beauvais (BVA), Paris;Adolfo Suárez M... (MAD), Madrid;· Ryanair;· Différentes compagnies;16 h 15 min;19 h 35 min;1 escale;1 escale;16:55;09:10;21:45;17:20
124;104,20;Paris Beauvais (BVA), Paris;Adolfo Suárez M... (MAD), Madrid;Adolfo Suárez M... (MAD), Madrid;Paris Beauvais (BVA), Paris;· Ryanair;· Différentes compagnies;13 h 30 min;19 h 35 min;1 escale;1 escale;19:40;09:10;21:45;17:20
125;105,80;Adolfo Suárez M... (MAD), Madrid;Paris Beauvais (BVA), Paris;Paris Beauvais (BVA), Paris;Adolfo Suárez M... (MAD), Madrid;· Ryanair;· Différentes compagnies;12 h 05 min;15 h 40 min;1 escale;1 escale;10:10;22:15;06:50;22:30
126;105,80;Paris Beauvais (BVA), Paris;Adolfo Suárez M... (MAD), Madrid;Adolfo Suárez M... (MAD), Madrid;Paris Beauvais (BVA), Paris;· Ryanair;· Différentes compagnies;12 h 05 min;7 h 35 min;1 escale;1 escale;10:10;22:15;14:55;22:30
127;105,80;Adolfo Suárez M... (MAD), Madrid;Paris Beauvais (BVA), Paris;Paris Beauvais (BVA), Paris;Adolfo Suárez M... (MAD), Madrid;· Ryanair;· Easyjet;16 h 15 min;10 h 50 min;1 escale;1 escale;16:55;09:10;23:05;09:55
128;106,00;Paris Beauvais (BVA), Paris;Adolfo Suárez M... (MAD), Madrid;Adolfo Suárez M... (MAD), Madrid;Paris Beauvais (BVA), Paris;· Différentes compagnies;· Différentes compagnies;16 h 45 min;12 h 10 min;1 escale;1 escale;06:10;22:55;21:45;09:55
129;106,00;Adolfo Suárez M... (MAD), Madrid;Paris Beauvais (BVA), Paris;Orly (ORY), Paris;Adolfo Suárez M... (MAD), Madrid;· Ryanair;· Différentes compagnies;2 h 05 min;19 h 35 min;direct;1 escale;18:15;20:20;21:45;17:20
130;106,59;Orly (ORY), Paris;Adolfo Suárez M... (MAD), Madrid;Adolfo Suárez M... (MAD), Madrid;Paris Beauvais (BVA), Paris;· Ryanair;· Easyjet;13 h 30 min;10 h 50 min;1 escale;1 escale;19:40;09:10;23:05;09:55
131;106,70;Adolfo Suárez M... (MAD), Madrid;Paris Beauvais (BVA), Paris;Paris Beauvais (BVA), Paris;Adolfo Suárez M... (MAD), Madrid;· Différentes compagnies;· Différentes compagnies;16 h 15 min;16 h 00 min;1 escale;1 escale;06:00;22:15;06:30;22:30
132;106,91;Paris Beauvais (BVA), Paris;Adolfo Suárez M... (MAD), Madrid;Adolfo Suárez M... (MAD), Madrid;Paris Beauvais (BVA), Paris;· Différentes compagnies;· Différentes compagnies;19 h 05 min;12 h 10 min;1 escale;1 escale;19:40;14:45;21:45;09:55
133;106,93;Adolfo Suárez M... (MAD), Madrid;Paris Beauvais (BVA), Paris;Paris Beauvais (BVA), Paris;Adolfo Suárez M... (MAD), Madrid;· Différentes compagnies;· Différentes compagnies;13 h 05 min;16 h 00 min;1 escale;1 escale;09:50;22:55;06:30;22:30
134;107,47;Paris Beauvais (BVA), Paris;Adolfo Suárez M... (MAD), Madrid;Adolfo Suárez M... (MAD), Madrid;Paris Beauvais (BVA), Paris;· Différentes compagnies;· Différentes compagnies;16 h 45 min;7 h 55 min;1 escale;1 escale;06:10;22:55;07:05;15:00
135;108,23;Adolfo Suárez M... (MAD), Madrid;Paris Beauvais (BVA), Paris;Paris Beauvais (BVA), Paris;Adolfo Suárez M... (MAD), Madrid;· Ryanair;· Iberia;16 h 15 min;2 h 05 min;1 escale;direct;16:55;09:10;14:30;16:35
136;108,23;Paris Beauvais (BVA), Paris;Adolfo Suárez M... (MAD), Madrid;Adolfo Suárez M... (MAD), Madrid;Paris Beauvais (BVA), Paris;· Ryanair;· Iberia;16 h 15 min;2 h 05 min;1 escale;direct;16:55;09:10;18:05;20:10
137;108,23;Adolfo Suárez M... (MAD), Madrid;Paris Beauvais (BVA), Paris;Paris Beauvais (BVA), Paris;Adolfo Suárez M... (MAD), Madrid;· Ryanair;· Iberia;16 h 15 min;2 h 05 min;1 escale;direct;16:55;09:10;16:35;18:40
138;108,38;Paris Beauvais (BVA), Paris;Adolfo Suárez M... (MAD), Madrid;Adolfo Suárez M... (MAD), Madrid;Paris Beauvais (BVA), Paris;· Différentes compagnies;· Différentes compagnies;19 h 05 min;7 h 55 min;1 escale;1 escale;19:40;14:45;07:05;15:00
139;108,76;Adolfo Suárez M... (MAD), Madrid;Paris Beauvais (BVA), Paris;Paris Beauvais (BVA), Paris;Adolfo Suárez M... (MAD), Madrid;· Différentes compagnies;· Différentes compagnies;6 h 05 min;19 h 35 min;1 escale;1 escale;10:10;16:15;21:45;17:20
140;108,83;Paris Beauvais (BVA), Paris;Adolfo Suárez M... (MAD), Madrid;Adolfo Suárez M... (MAD), Madrid;Paris Beauvais (BVA), Paris;· Différentes compagnies;· Différentes compagnies;15 h 05 min;12 h 10 min;1 escale;1 escale;07:10;22:15;21:45;09:55
141;125,54;Adolfo Suárez M... (MAD), Madrid;Paris Beauvais (BVA), Paris;Paris Beauvais (BVA), Paris;Adolfo Suárez M... (MAD), Madrid;· Différentes compagnies;· Différentes compagnies;16 h 50 min;12 h 10 min;1 escale;1 escale;07:30;00:20;21:45;09:55
142;128,80;Paris Beauvais (BVA), Paris;Adolfo Suárez M... (MAD), Madrid;Adolfo Suárez M... (MAD), Madrid;Orly (ORY), Paris;· Différentes compagnies;· Ryanair;16 h 50 min;14 h 00 min;1 escale;1 escale;07:30;00:20;21:45;11:45
143;129,89;Adolfo Suárez M... (MAD), Madrid;Orly (ORY), Paris;Orly (ORY), Paris;Adolfo Suárez M... (MAD), Madrid;· Différentes compagnies;· Différentes compagnies;13 h 10 min;12 h 10 min;1 escale;1 escale;11:10;00:20;21:45;09:55
144;129,92;Orly (ORY), Paris;Adolfo Suárez M... (MAD), Madrid;Adolfo Suárez M... (MAD), Madrid;Paris Beauvais (BVA), Paris;· Différentes compagnies;· Différentes compagnies;16 h 50 min;16 h 00 min;1 escale;1 escale;07:30;00:20;06:30;22:30
145;132,99;Adolfo Suárez M... (MAD), Madrid;Paris Beauvais (BVA), Paris;Paris Beauvais (BVA), Paris;Adolfo Suárez M... (MAD), Madrid;· Différentes compagnies;· Ryanair;13 h 10 min;14 h 00 min;1 escale;1 escale;11:10;00:20;21:45;11:45
146;133,15;Paris Beauvais (BVA), Paris;Adolfo Suárez M... (MAD), Madrid;Adolfo Suárez M... (MAD), Madrid;Orly (ORY), Paris;· Différentes compagnies;· Différentes compagnies;17 h 10 min;16 h 45 min;2 escales;1 escale;07:10;00:20;21:45;14:30
147;134,23;Adolfo Suárez M... (MAD), Madrid;Orly (ORY), Paris;Paris Beauvais (BVA), Paris;Adolfo Suárez M... (MAD), Madrid;· Différentes compagnies;· Différentes compagnies;13 h 10 min;16 h 00 min;1 escale;1 escale;11:10;00:20;06:30;22:30
148;135,03;Paris Beauvais (BVA), Paris;Adolfo Suárez M... (MAD), Madrid;Adolfo Suárez M... (MAD), Madrid;Paris Beauvais (BVA), Paris;· Différentes compagnies;· Différentes compagnies;7 h 25 min;16 h 00 min;1 escale;1 escale;16:55;00:20;06:30;22:30
149;140,67;Adolfo Suárez M... (MAD), Madrid;Paris Beauvais (BVA), Paris;Paris Beauvais (BVA), Paris;Adolfo Suárez M... (MAD), Madrid;· Différentes compagnies;· Différentes compagnies;9 h 00 min;12 h 10 min;1 escale;1 escale;15:20;00:20;21:45;09:55
150;148,63;Paris Beauvais (BVA), Paris;Adolfo Suárez M... (MAD), Madrid;Adolfo Suárez M... (MAD), Madrid;Paris Beauvais (BVA), Paris;· Iberia;· Iberia;2 h 05 min;2 h 10 min;direct;direct;17:20;19:25;19:55;22:05
151;149,42;Adolfo Suárez M... (MAD), Madrid;Paris Beauvais (BVA), Paris;Paris Beauvais (BVA), Paris;Adolfo Suárez M... (MAD), Madrid;· Iberia;· Iberia;2 h 05 min;2 h 05 min;direct;direct;12:40;14:45;09:50;11:55
152;149,42;Paris Beauvais (BVA), Paris;Adolfo Suárez M... (MAD), Madrid;Adolfo Suárez M... (MAD), Madrid;Paris Beauvais (BVA), Paris;· Iberia;· Iberia;2 h 05 min;2 h 05 min;direct;direct;14:25;16:30;09:50;11:55
153;149,78;Adolfo Suárez M... (MAD), Madrid;Paris Beauvais (BVA), Paris;Paris Beauvais (BVA), Paris;Adolfo Suárez M... (MAD), Madrid;· Iberia;· Iberia;2 h 15 min;2 h 05 min;direct;direct;11:40;13:55;14:30;16:35
154;149,78;Paris Beauvais (BVA), Paris;Adolfo Suárez M... (MAD), Madrid;Adolfo Suárez M... (MAD), Madrid;Orly (ORY), Paris;· Iberia;· Iberia;2 h 15 min;2 h 05 min;direct;direct;11:40;13:55;16:35;18:40
155;151,34;Adolfo Suárez M... (MAD), Madrid;Orly (ORY), Paris;Paris Beauvais (BVA), Paris;Adolfo Suárez M... (MAD), Madrid;· Iberia;· Iberia;2 h 05 min;2 h 05 min;direct;direct;19:25;21:30;11:35;13:40
156;151,34;Paris Beauvais (BVA), Paris;Adolfo Suárez M... (MAD), Madrid;Adolfo Suárez M... (MAD), Madrid;Paris Beauvais (BVA), Paris;· Iberia;· Iberia;2 h 05 min;2 h 05 min;direct;direct;20:55;23:00;11:35;13:40
157;153,26;Adolfo Suárez M... (MAD), Madrid;Paris Beauvais (BVA), Paris;Paris Beauvais (BVA), Paris;Adolfo Suárez M... (MAD), Madrid;· Iberia;· Iberia;2 h 05 min;2 h 05 min;direct;direct;07:30;09:35;07:25;09:30
158;156,15;Paris Beauvais (BVA), Paris;Adolfo Suárez M... (MAD), Madrid;Adolfo Suárez M... (MAD), Madrid;Charles De Gaul... (CDG), Paris;· Iberia;· Iberia;2 h 05 min;2 h 05 min;direct;direct;10:15;12:20;09:50;11:55
159;156,15;Adolfo Suárez M... (MAD), Madrid;Charles De Gaul... (CDG), Paris;Paris Beauvais (BVA), Paris;Adolfo Suárez M... (MAD), Madrid;· Iberia;· Iberia;2 h 05 min;2 h 05 min;direct;direct;17:20;19:25;09:50;11:55
160;157,11;Paris Beauvais (BVA), Paris;Adolfo Suárez M... (MAD), Madrid;Adolfo Suárez M... (MAD), Madrid;Paris Beauvais (BVA), Paris;· Iberia;· Iberia;2 h 05 min;2 h 05 min;direct;direct;12:40;14:45;07:25;09:30
161;157,11;Adolfo Suárez M... (MAD), Madrid;Paris Beauvais (BVA), Paris;Paris Beauvais (BVA), Paris;Adolfo Suárez M... (MAD), Madrid;· Iberia;· Iberia;2 h 05 min;2 h 05 min;direct;direct;14:25;16:30;07:25;09:30
162;163,83;Paris Beauvais (BVA), Paris;Adolfo Suárez M... (MAD), Madrid;Adolfo Suárez M... (MAD), Madrid;Paris Beauvais (BVA), Paris;· Iberia;· Iberia;2 h 05 min;2 h 05 min;direct;direct;10:15;12:20;07:25;09:30
163;163,83;Adolfo Suárez M... (MAD), Madrid;Paris Beauvais (BVA), Paris;Paris Beauvais (BVA), Paris;Adolfo Suárez M... (MAD), Madrid;· Iberia;· Iberia;2 h 05 min;2 h 05 min;direct;direct;17:20;19:25;07:25;09:30
164;166,04;Paris Beauvais (BVA), Paris;Adolfo Suárez M... (MAD), Madrid;Adolfo Suárez M... (MAD), Madrid;Orly (ORY), Paris;· Iberia;· Iberia;2 h 05 min;2 h 10 min;direct;direct;19:25;21:30;19:55;22:05
165;166,04;Adolfo Suárez M... (MAD), Madrid;Orly (ORY), Paris;Paris Beauvais (BVA), Paris;Adolfo Suárez M... (MAD), Madrid;· Iberia;· Iberia;2 h 05 min;2 h 10 min;direct;direct;20:55;23:00;19:55;22:05
166;167,19;Paris Beauvais (BVA), Paris;Adolfo Suárez M... (MAD), Madrid;Adolfo Suárez M... (MAD), Madrid;Orly (ORY), Paris;· Iberia;· Iberia;2 h 15 min;2 h 05 min;direct;direct;11:40;13:55;18:05;20:10
167;167,19;Adolfo Suárez M... (MAD), Madrid;Orly (ORY), Paris;Orly (ORY), Paris;Adolfo Suárez M... (MAD), Madrid;· Iberia;· Iberia;2 h 15 min;2 h 05 min;direct;direct;11:40;13:55;11:35;13:40
168;171,52;Orly (ORY), Paris;Adolfo Suárez M... (MAD), Madrid;Adolfo Suárez M... (MAD), Madrid;Paris Beauvais (BVA), Paris;· Iberia;· Iberia;2 h 05 min;2 h 05 min;direct;direct;19:25;21:30;09:50;11:55
169;171,52;Adolfo Suárez M... (MAD), Madrid;Paris Beauvais (BVA), Paris;Orly (ORY), Paris;Adolfo Suárez M... (MAD), Madrid;· Iberia;· Iberia;2 h 05 min;2 h 05 min;direct;direct;20:55;23:00;09:50;11:55
170;179,20;Orly (ORY), Paris;Adolfo Suárez M... (MAD), Madrid;Adolfo Suárez M... (MAD), Madrid;Paris Beauvais (BVA), Paris;· Iberia;· Iberia;2 h 05 min;2 h 05 min;direct;direct;19:25;21:30;07:25;09:30
171;179,20;Adolfo Suárez M... (MAD), Madrid;Paris Beauvais (BVA), Paris;Paris Beauvais (BVA), Paris;Adolfo Suárez M... (MAD), Madrid;· Iberia;· Iberia;2 h 05 min;2 h 05 min;direct;direct;20:55;23:00;07:25;09:30
172;191,37;Paris Beauvais (BVA), Paris;Adolfo Suárez M... (MAD), Madrid;Adolfo Suárez M... (MAD), Madrid;Paris Beauvais (BVA), Paris;· Iberia;· Iberia;2 h 15 min;2 h 05 min;direct;direct;11:40;13:55;07:25;09:30
173;191,37;Adolfo Suárez M... (MAD), Madrid;Paris Beauvais (BVA), Paris;Paris Beauvais (BVA), Paris;Adolfo Suárez M... (MAD), Madrid;· Iberia;· Iberia;2 h 15 min;2 h 05 min;direct;direct;11:40;13:55;09:50;11:55
174;221,92;Paris Beauvais (BVA), Paris;Adolfo Suárez M... (MAD), Madrid;Adolfo Suárez M... (MAD), Madrid;Paris Beauvais (BVA), Paris;· Air France;· Air France;2 h 10 min;2 h 10 min;direct;direct;13:15;15:25;10:00;12:10
175;221,92;Adolfo Suárez M... (MAD), Madrid;Paris Beauvais (BVA), Paris;Paris Beauvais (BVA), Paris;Adolfo Suárez M... (MAD), Madrid;· Air France;· Air France;2 h 10 min;2 h 10 min;direct;direct;13:15;15:25;12:25;14:35
176;221,92;Paris Beauvais (BVA), Paris;Adolfo Suárez M... (MAD), Madrid;Adolfo Suárez M... (MAD), Madrid;Paris Beauvais (BVA), Paris;· Air France;· Air France;2 h 10 min;2 h 10 min;direct;direct;20:55;23:05;12:25;14:35
177;221,92;Adolfo Suárez M... (MAD), Madrid;Paris Beauvais (BVA), Paris;Paris Beauvais (BVA), Paris;Adolfo Suárez M... (MAD), Madrid;· Air France;· Air France;2 h 10 min;2 h 10 min;direct;direct;20:55;23:05;10:00;12:10
178;228,64;Paris Beauvais (BVA), Paris;Adolfo Suárez M... (MAD), Madrid;Adolfo Suárez M... (MAD), Madrid;Paris Beauvais (BVA), Paris;· Air France;· Air France;2 h 10 min;2 h 20 min;direct;direct;13:15;15:25;06:40;09:00
179;228,64;Adolfo Suárez M... (MAD), Madrid;Paris Beauvais (BVA), Paris;Paris Beauvais (BVA), Paris;Adolfo Suárez M... (MAD), Madrid;· Air France;· Air France;2 h 10 min;2 h 20 min;direct;direct;20:55;23:05;06:40;09:00
180;249,51;Paris Beauvais (BVA), Paris;Adolfo Suárez M... (MAD), Madrid;Adolfo Suárez M... (MAD), Madrid;Paris Beauvais (BVA), Paris;· Iberia;· Iberia;2 h 15 min;2 h 10 min;direct;direct;07:30;09:45;19:55;22:05
181;262,87;Adolfo Suárez M... (MAD), Madrid;Paris Beauvais (BVA), Paris;Paris Beauvais (BVA), Paris;Adolfo Suárez M... (MAD), Madrid;· Air France;· Klm Royal Dutch Airlines;2 h 10 min;6 h 10 min;direct;1 escale;13:15;15:25;13:00;19:10
182;262,87;Paris Beauvais (BVA), Paris;Adolfo Suárez M... (MAD), Madrid;Adolfo Suárez M... (MAD), Madrid;Paris Beauvais (BVA), Paris;· Air France;· Klm Royal Dutch Airlines;2 h 10 min;5 h 10 min;direct;1 escale;13:15;15:25;11:00;16:10
183;262,87;Adolfo Suárez M... (MAD), Madrid;Paris Beauvais (BVA), Paris;Paris Beauvais (BVA), Paris;Adolfo Suárez M... (MAD), Madrid;· Air France;· Klm Royal Dutch Airlines;2 h 10 min;5 h 10 min;direct;1 escale;20:55;23:05;11:00;16:10
184;262,87;Paris Beauvais (BVA), Paris;Adolfo Suárez M... (MAD), Madrid;Adolfo Suárez M... (MAD), Madrid;Paris Beauvais (BVA), Paris;· Air France;· Klm Royal Dutch Airlines;2 h 10 min;6 h 10 min;direct;1 escale;20:55;23:05;13:00;19:10
185;276,13;Adolfo Suárez M... (MAD), Madrid;Paris Beauvais (BVA), Paris;Paris Beauvais (BVA), Paris;Adolfo Suárez M... (MAD), Madrid;· Iberia;· Iberia;2 h 15 min;2 h 05 min;direct;direct;07:30;09:45;20:10;22:15
186;284,00;Paris Beauvais (BVA), Paris;Adolfo Suárez M... (MAD), Madrid;Adolfo Suárez M... (MAD), Madrid;Paris Beauvais (BVA), Paris;· Air France;· Klm Royal Dutch Airlines;2 h 10 min;4 h 50 min;direct;1 escale;13:15;15:25;13:00;17:50
187;284,00;Adolfo Suárez M... (MAD), Madrid;Paris Beauvais (BVA), Paris;Paris Beauvais (BVA), Paris;Adolfo Suárez M... (MAD), Madrid;· Air France;· Klm Royal Dutch Airlines;2 h 10 min;4 h 50 min;direct;1 escale;20:55;23:05;13:00;17:50
188;285,79;Paris Beauvais (BVA), Paris;Adolfo Suárez M... (MAD), Madrid;Adolfo Suárez M... (MAD), Madrid;Paris Beauvais (BVA), Paris;· Iberia;· British Airways;2 h 05 min;7 h 15 min;direct;1 escale;14:25;16:30;06:50;14:05
189;285,79;Adolfo Suárez M... (MAD), Madrid;Paris Beauvais (BVA), Paris;Paris Beauvais (BVA), Paris;Adolfo Suárez M... (MAD), Madrid;· Iberia;· British Airways;2 h 05 min;7 h 15 min;direct;1 escale;12:40;14:45;06:50;14:05
190;285,79;Paris Beauvais (BVA), Paris;Adolfo Suárez M... (MAD), Madrid;Adolfo Suárez M... (MAD), Madrid;Paris Beauvais (BVA), Paris;· Iberia;· British Airways;2 h 05 min;6 h 25 min;direct;1 escale;14:25;16:30;07:40;14:05
191;285,79;Adolfo Suárez M... (MAD), Madrid;Paris Beauvais (BVA), Paris;Paris Beauvais (BVA), Paris;Adolfo Suárez M... (MAD), Madrid;· Iberia;· British Airways;2 h 05 min;6 h 25 min;direct;1 escale;12:40;14:45;07:40;14:05
192;286,69;Paris Beauvais (BVA), Paris;Adolfo Suárez M... (MAD), Madrid;Adolfo Suárez M... (MAD), Madrid;Paris Beauvais (BVA), Paris;· Klm Royal Dutch Airlines;· Air France;4 h 45 min;2 h 10 min;1 escale;direct;18:40;23:25;12:25;14:35
193;286,69;Adolfo Suárez M... (MAD), Madrid;Paris Beauvais (BVA), Paris;Paris Beauvais (BVA), Paris;Adolfo Suárez M... (MAD), Madrid;· Klm Royal Dutch Airlines;· Air France;4 h 45 min;2 h 10 min;1 escale;direct;18:40;23:25;10:00;12:10
194;286,77;Paris Beauvais (BVA), Paris;Adolfo Suárez M... (MAD), Madrid;Adolfo Suárez M... (MAD), Madrid;Orly (ORY), Paris;· Iberia;· Iberia;2 h 15 min;2 h 05 min;direct;direct;07:30;09:45;16:35;18:40
195;286,77;Adolfo Suárez M... (MAD), Madrid;Orly (ORY), Paris;Paris Beauvais (BVA), Paris;Adolfo Suárez M... (MAD), Madrid;· Iberia;· Iberia;2 h 15 min;2 h 05 min;direct;direct;07:30;09:45;14:30;16:35
196;287,03;Paris Beauvais (BVA), Paris;Adolfo Suárez M... (MAD), Madrid;Adolfo Suárez M... (MAD), Madrid;Orly (ORY), Paris;· Lufthansa;· Lufthansa;8 h 30 min;5 h 05 min;1 escale;1 escale;14:45;23:15;08:30;13:35
197;293,42;Adolfo Suárez M... (MAD), Madrid;Orly (ORY), Paris;Paris Beauvais (BVA), Paris;Adolfo Suárez M... (MAD), Madrid;· Klm Royal Dutch Airlines;· Air France;4 h 45 min;2 h 20 min;1 escale;direct;18:40;23:25;06:40;09:00
198;297,48;Paris Beauvais (BVA), Paris;Adolfo Suárez M... (MAD), Madrid;Adolfo Suárez M... (MAD), Madrid;Orly (ORY), Paris;· Iberia;· British Airways;2 h 05 min;7 h 15 min;direct;1 escale;10:15;12:20;06:50;14:05
199;297,48;Adolfo Suárez M... (MAD), Madrid;Orly (ORY), Paris;Paris Beauvais (BVA), Paris;Adolfo Suárez M... (MAD), Madrid;· Iberia;· British Airways;2 h 05 min;7 h 15 min;direct;1 escale;17:20;19:25;06:50;14:05
200;297,48;Paris Beauvais (BVA), Paris;Adolfo Suárez M... (MAD), Madrid;Adolfo Suárez M... (MAD), Madrid;Paris Beauvais (BVA), Paris;· Iberia;· British Airways;2 h 05 min;6 h 25 min;direct;1 escale;10:15;12:20;07:40;14:05
201;297,48;Adolfo Suárez M... (MAD), Madrid;Paris Beauvais (BVA), Paris;Paris Beauvais (BVA), Paris;Adolfo Suárez M... (MAD), Madrid;· Iberia;· British Airways;2 h 05 min;6 h 25 min;direct;1 escale;17:20;19:25;07:40;14:05
202;304,18;Paris Beauvais (BVA), Paris;Adolfo Suárez M... (MAD), Madrid;Adolfo Suárez M... (MAD), Madrid;Orly (ORY), Paris;· Iberia;· Iberia;2 h 15 min;2 h 05 min;direct;direct;07:30;09:45;18:05;20:10
203;304,18;Adolfo Suárez M... (MAD), Madrid;Orly (ORY), Paris;Paris Beauvais (BVA), Paris;Adolfo Suárez M... (MAD), Madrid;· Iberia;· Iberia;2 h 15 min;2 h 05 min;direct;direct;07:30;09:45;11:35;13:40
204;307,71;Paris Beauvais (BVA), Paris;Adolfo Suárez M... (MAD), Madrid;Adolfo Suárez M... (MAD), Madrid;Orly (ORY), Paris;· Vueling;· Vueling;6 h 15 min;4 h 55 min;1 escale;1 escale;07:10;13:25;09:35;14:30
205;312,08;Adolfo Suárez M... (MAD), Madrid;Orly (ORY), Paris;Paris Beauvais (BVA), Paris;Adolfo Suárez M... (MAD), Madrid;· Iberia;· British Airways;2 h 05 min;7 h 05 min;direct;1 escale;14:25;16:30;15:50;22:55
206;312,08;Paris Beauvais (BVA), Paris;Adolfo Suárez M... (MAD), Madrid;Adolfo Suárez M... (MAD), Madrid;Paris Beauvais (BVA), Paris;· Iberia;· British Airways;2 h 05 min;7 h 05 min;direct;1 escale;12:40;14:45;15:50;22:55
207;315,19;Adolfo Suárez M... (MAD), Madrid;Paris Beauvais (BVA), Paris;Paris Beauvais (BVA), Paris;Adolfo Suárez M... (MAD), Madrid;· Iberia;· British Airways;2 h 15 min;6 h 25 min;direct;1 escale;11:40;13:55;07:40;14:05
208;315,19;Paris Beauvais (BVA), Paris;Adolfo Suárez M... (MAD), Madrid;Adolfo Suárez M... (MAD), Madrid;Orly (ORY), Paris;· Iberia;· British Airways;2 h 15 min;5 h 40 min;direct;1 escale;11:40;13:55;17:15;22:55
209;315,19;Adolfo Suárez M... (MAD), Madrid;Orly (ORY), Paris;Orly (ORY), Paris;Adolfo Suárez M... (MAD), Madrid;· Iberia;· British Airways;2 h 15 min;7 h 15 min;direct;1 escale;11:40;13:55;06:50;14:05
210;315,98;Orly (ORY), Paris;Adolfo Suárez M... (MAD), Madrid;Adolfo Suárez M... (MAD), Madrid;Paris Beauvais (BVA), Paris;· Iberia;· British Airways;2 h 05 min;6 h 25 min;direct;1 escale;20:55;23:00;07:40;14:05
211;315,98;Adolfo Suárez M... (MAD), Madrid;Paris Beauvais (BVA), Paris;Orly (ORY), Paris;Adolfo Suárez M... (MAD), Madrid;· Iberia;· British Airways;2 h 05 min;6 h 25 min;direct;1 escale;19:25;21:30;07:40;14:05
212;315,98;Orly (ORY), Paris;Adolfo Suárez M... (MAD), Madrid;Adolfo Suárez M... (MAD), Madrid;Paris Beauvais (BVA), Paris;· Iberia;· British Airways;2 h 05 min;7 h 15 min;direct;1 escale;20:55;23:00;06:50;14:05
213;315,98;Adolfo Suárez M... (MAD), Madrid;Paris Beauvais (BVA), Paris;Paris Beauvais (BVA), Paris;Adolfo Suárez M... (MAD), Madrid;· Iberia;· British Airways;2 h 05 min;7 h 15 min;direct;1 escale;19:25;21:30;06:50;14:05
214;317,25;Paris Beauvais (BVA), Paris;Adolfo Suárez M... (MAD), Madrid;Adolfo Suárez M... (MAD), Madrid;Orly (ORY), Paris;· Klm Royal Dutch Airlines;· Air France;6 h 55 min;2 h 10 min;1 escale;direct;12:40;19:35;12:25;14:35
215;317,25;Adolfo Suárez M... (MAD), Madrid;Orly (ORY), Paris;Orly (ORY), Paris;Adolfo Suárez M... (MAD), Madrid;· Klm Royal Dutch Airlines;· Air France;6 h 55 min;2 h 10 min;1 escale;direct;12:40;19:35;10:00;12:10
216;322,65;Orly (ORY), Paris;Adolfo Suárez M... (MAD), Madrid;Adolfo Suárez M... (MAD), Madrid;Paris Beauvais (BVA), Paris;· Air France;· Klm Royal Dutch Airlines;2 h 10 min;7 h 30 min;direct;1 escale;20:55;23:05;13:00;20:30
217;322,65;Adolfo Suárez M... (MAD), Madrid;Paris Beauvais (BVA), Paris;Paris Beauvais (BVA), Paris;Adolfo Suárez M... (MAD), Madrid;· Air France;· Klm Royal Dutch Airlines;2 h 10 min;7 h 30 min;direct;1 escale;13:15;15:25;13:00;20:30
218;323,09;Paris Beauvais (BVA), Paris;Adolfo Suárez M... (MAD), Madrid;Adolfo Suárez M... (MAD), Madrid;Paris Beauvais (BVA), Paris;· Klm Royal Dutch Airlines;· Air France;6 h 55 min;2 h 20 min;1 escale;direct;12:40;19:35;06:40;09:00
219;323,45;Adolfo Suárez M... (MAD), Madrid;Paris Beauvais (BVA), Paris;Paris Beauvais (BVA), Paris;Adolfo Suárez M... (MAD), Madrid;· Air France;· Air France;2 h 05 min;2 h 10 min;direct;direct;15:20;17:25;12:25;14:35
220;323,45;Paris Beauvais (BVA), Paris;Adolfo Suárez M... (MAD), Madrid;Adolfo Suárez M... (MAD), Madrid;Paris Beauvais (BVA), Paris;· Air France;· Air France;2 h 05 min;2 h 10 min;direct;direct;15:20;17:25;10:00;12:10
221;323,76;Adolfo Suárez M... (MAD), Madrid;Paris Beauvais (BVA), Paris;Paris Beauvais (BVA), Paris;Adolfo Suárez M... (MAD), Madrid;· Iberia;· British Airways;2 h 05 min;7 h 05 min;direct;1 escale;10:15;12:20;15:50;22:55
222;323,76;Paris Beauvais (BVA), Paris;Adolfo Suárez M... (MAD), Madrid;Adolfo Suárez M... (MAD), Madrid;Orly (ORY), Paris;· Iberia;· British Airways;2 h 05 min;7 h 05 min;direct;1 escale;17:20;19:25;15:50;22:55
223;326,38;Adolfo Suárez M... (MAD), Madrid;Orly (ORY), Paris;Paris Beauvais (BVA), Paris;Adolfo Suárez M... (MAD), Madrid;· Air France;· Air France;2 h 10 min;2 h 10 min;direct;direct;13:15;15:25;20:10;22:20
224;326,38;Paris Beauvais (BVA), Paris;Adolfo Suárez M... (MAD), Madrid;Adolfo Suárez M... (MAD), Madrid;Paris Beauvais (BVA), Paris;· Air France;· Air France;2 h 10 min;2 h 10 min;direct;direct;13:15;15:25;16:25;18:35
225;326,38;Adolfo Suárez M... (MAD), Madrid;Paris Beauvais (BVA), Paris;Paris Beauvais (BVA), Paris;Adolfo Suárez M... (MAD), Madrid;· Air France;· Air France;2 h 10 min;2 h 10 min;direct;direct;20:55;23:05;20:10;22:20
226;326,38;Paris Beauvais (BVA), Paris;Adolfo Suárez M... (MAD), Madrid;Adolfo Suárez M... (MAD), Madrid;Paris Beauvais (BVA), Paris;· Air France;· Air France;2 h 10 min;2 h 10 min;direct;direct;20:55;23:05;16:25;18:35
227;326,87;Adolfo Suárez M... (MAD), Madrid;Paris Beauvais (BVA), Paris;Paris Beauvais (BVA), Paris;Adolfo Suárez M... (MAD), Madrid;· Iberia;· British Airways;2 h 15 min;7 h 05 min;direct;1 escale;11:40;13:55;15:50;22:55
228;328,36;Paris Beauvais (BVA), Paris;Adolfo Suárez M... (MAD), Madrid;Adolfo Suárez M... (MAD), Madrid;Paris Beauvais (BVA), Paris;· Iberia;· Iberia;2 h 15 min;2 h 05 min;direct;direct;07:30;09:45;07:25;09:30
229;328,36;Adolfo Suárez M... (MAD), Madrid;Paris Beauvais (BVA), Paris;Paris Beauvais (BVA), Paris;Adolfo Suárez M... (MAD), Madrid;· Iberia;· Iberia;2 h 15 min;2 h 05 min;direct;direct;07:30;09:45;09:50;11:55
230;329,08;Paris Beauvais (BVA), Paris;Adolfo Suárez M... (MAD), Madrid;Adolfo Suárez M... (MAD), Madrid;Paris Beauvais (BVA), Paris;· Lufthansa;· Lufthansa;4 h 40 min;5 h 05 min;1 escale;1 escale;11:15;15:55;08:30;13:35
231;329,23;Adolfo Suárez M... (MAD), Madrid;Paris Beauvais (BVA), Paris;Orly (ORY), Paris;Adolfo Suárez M... (MAD), Madrid;· British Airways;· Iberia;6 h 00 min;2 h 05 min;1 escale;direct;16:10;22:10;20:10;22:15
232;330,27;Orly (ORY), Paris;Adolfo Suárez M... (MAD), Madrid;Adolfo Suárez M... (MAD), Madrid;Paris Beauvais (BVA), Paris;· Air France;· Air France;2 h 05 min;2 h 20 min;direct;direct;15:20;17:25;06:40;09:00
233;332,28;Adolfo Suárez M... (MAD), Madrid;Paris Beauvais (BVA), Paris;Paris Beauvais (BVA), Paris;Adolfo Suárez M... (MAD), Madrid;· Klm Royal Dutch Airlines;· Klm Royal Dutch Airlines;4 h 45 min;6 h 10 min;1 escale;1 escale;18:40;23:25;13:00;19:10
234;332,28;Paris Beauvais (BVA), Paris;Adolfo Suárez M... (MAD), Madrid;Adolfo Suárez M... (MAD), Madrid;Paris Beauvais (BVA), Paris;· Klm Royal Dutch Airlines;· Klm Royal Dutch Airlines;4 h 45 min;5 h 10 min;1 escale;1 escale;18:40;23:25;11:00;16:10
235;339,31;Adolfo Suárez M... (MAD), Madrid;Paris Beauvais (BVA), Paris;Paris Beauvais (BVA), Paris;Adolfo Suárez M... (MAD), Madrid;· Vueling;· Vueling;6 h 15 min;4 h 05 min;1 escale;1 escale;07:10;13:25;18:05;22:10
236;342,27;Paris Beauvais (BVA), Paris;Adolfo Suárez M... (MAD), Madrid;Adolfo Suárez M... (MAD), Madrid;Orly (ORY), Paris;· Iberia;· British Airways;2 h 05 min;7 h 05 min;direct;1 escale;20:55;23:00;15:50;22:55
237;342,27;Adolfo Suárez M... (MAD), Madrid;Orly (ORY), Paris;Paris Beauvais (BVA), Paris;Adolfo Suárez M... (MAD), Madrid;· Iberia;· British Airways;2 h 05 min;7 h 05 min;direct;1 escale;19:25;21:30;15:50;22:55
238;343,55;Paris Beauvais (BVA), Paris;Adolfo Suárez M... (MAD), Madrid;Adolfo Suárez M... (MAD), Madrid;Paris Beauvais (BVA), Paris;· Klm Royal Dutch Airlines;· Air France;6 h 30 min;2 h 10 min;1 escale;direct;16:55;23:25;10:00;12:10
239;343,55;Adolfo Suárez M... (MAD), Madrid;Paris Beauvais (BVA), Paris;Orly (ORY), Paris;Adolfo Suárez M... (MAD), Madrid;· Klm Royal Dutch Airlines;· Air France;6 h 30 min;2 h 10 min;1 escale;direct;16:55;23:25;12:25;14:35
240;345,65;Orly (ORY), Paris;Adolfo Suárez M... (MAD), Madrid;Adolfo Suárez M... (MAD), Madrid;Paris Beauvais (BVA), Paris;· Air France;· Klm Royal Dutch Airlines;2 h 10 min;6 h 50 min;direct;1 escale;20:55;23:05;11:00;17:50
241;345,65;Adolfo Suárez M... (MAD), Madrid;Paris Beauvais (BVA), Paris;Paris Beauvais (BVA), Paris;Adolfo Suárez M... (MAD), Madrid;· Air France;· Klm Royal Dutch Airlines;2 h 10 min;6 h 50 min;direct;1 escale;13:15;15:25;11:00;17:50
242;349,14;Paris Beauvais (BVA), Paris;Adolfo Suárez M... (MAD), Madrid;Adolfo Suárez M... (MAD), Madrid;Paris Beauvais (BVA), Paris;· Klm Royal Dutch Airlines;· Klm Royal Dutch Airlines;4 h 45 min;7 h 30 min;1 escale;1 escale;18:40;23:25;13:00;20:30
243;350,37;Adolfo Suárez M... (MAD), Madrid;Paris Beauvais (BVA), Paris;Paris Beauvais (BVA), Paris;Adolfo Suárez M... (MAD), Madrid;· Klm Royal Dutch Airlines;· Air France;6 h 30 min;2 h 20 min;1 escale;direct;16:55;23:25;06:40;09:00
244;353,71;Paris Beauvais (BVA), Paris;Adolfo Suárez M... (MAD), Madrid;Adolfo Suárez M... (MAD), Madrid;Paris Beauvais (BVA), Paris;· Klm Royal Dutch Airlines;· Klm Royal Dutch Airlines;4 h 45 min;4 h 50 min;1 escale;1 escale;18:40;23:25;13:00;17:50
245;357,80;Adolfo Suárez M... (MAD), Madrid;Paris Beauvais (BVA), Paris;Paris Beauvais (BVA), Paris;Adolfo Suárez M... (MAD), Madrid;· Klm Royal Dutch Airlines;· Klm Royal Dutch Airlines;6 h 55 min;6 h 10 min;1 escale;1 escale;12:40;19:35;13:00;19:10
246;357,80;Paris Beauvais (BVA), Paris;Adolfo Suárez M... (MAD), Madrid;Adolfo Suárez M... (MAD), Madrid;Orly (ORY), Paris;· Klm Royal Dutch Airlines;· Klm Royal Dutch Airlines;6 h 55 min;5 h 10 min;1 escale;1 escale;12:40;19:35;11:00;16:10
247;360,56;Adolfo Suárez M... (MAD), Madrid;Orly (ORY), Paris;Paris Beauvais (BVA), Paris;Adolfo Suárez M... (MAD), Madrid;· British Airways;· Iberia;7 h 25 min;2 h 05 min;1 escale;direct;11:50;19:15;20:10;22:15
248;364,98;Paris Beauvais (BVA), Paris;Adolfo Suárez M... (MAD), Madrid;Adolfo Suárez M... (MAD), Madrid;Orly (ORY), Paris;· Air France;· Klm Royal Dutch Airlines;2 h 05 min;5 h 10 min;direct;1 escale;15:20;17:25;11:00;16:10
249;364,98;Adolfo Suárez M... (MAD), Madrid;Orly (ORY), Paris;Paris Beauvais (BVA), Paris;Adolfo Suárez M... (MAD), Madrid;· Air France;· Klm Royal Dutch Airlines;2 h 05 min;6 h 10 min;direct;1 escale;15:20;17:25;13:00;19:10
250;371,78;Paris Beauvais (BVA), Paris;Adolfo Suárez M... (MAD), Madrid;Adolfo Suárez M... (MAD), Madrid;Paris Beauvais (BVA), Paris;· Klm Royal Dutch Airlines;· Klm Royal Dutch Airlines;4 h 45 min;6 h 50 min;1 escale;1 escale;18:40;23:25;11:00;17:50
251;372,45;Adolfo Suárez M... (MAD), Madrid;Paris Beauvais (BVA), Paris;Paris Beauvais (BVA), Paris;Adolfo Suárez M... (MAD), Madrid;· Iberia;· British Airways;2 h 05 min;5 h 20 min;direct;1 escale;14:25;16:30;12:05;17:25
252;372,45;Paris Beauvais (BVA), Paris;Adolfo Suárez M... (MAD), Madrid;Adolfo Suárez M... (MAD), Madrid;Paris Beauvais (BVA), Paris;· Iberia;· British Airways;2 h 05 min;5 h 20 min;direct;1 escale;12:40;14:45;12:05;17:25
253;376,67;Adolfo Suárez M... (MAD), Madrid;Paris Beauvais (BVA), Paris;Paris Beauvais (BVA), Paris;Adolfo Suárez M... (MAD), Madrid;· Air France;· Klm Royal Dutch Airlines;2 h 10 min;4 h 55 min;direct;1 escale;13:15;15:25;06:00;10:55
254;376,67;Paris Beauvais (BVA), Paris;Adolfo Suárez M... (MAD), Madrid;Adolfo Suárez M... (MAD), Madrid;Paris Beauvais (BVA), Paris;· Air France;· Klm Royal Dutch Airlines;2 h 10 min;4 h 55 min;direct;1 escale;20:55;23:05;06:00;10:55
255;378,05;Adolfo Suárez M... (MAD), Madrid;Paris Beauvais (BVA), Paris;Orly (ORY), Paris;Adolfo Suárez M... (MAD), Madrid;· British Airways;· Iberia;6 h 00 min;2 h 05 min;1 escale;direct;16:10;22:10;16:35;18:40
256;378,05;Orly (ORY), Paris;Adolfo Suárez M... (MAD), Madrid;Adolfo Suárez M... (MAD), Madrid;Paris Beauvais (BVA), Paris;· British Airways;· Iberia;6 h 00 min;2 h 05 min;1 escale;direct;16:10;22:10;14:30;16:35
257;380,21;Adolfo Suárez M... (MAD), Madrid;Paris Beauvais (BVA), Paris;Paris Beauvais (BVA), Paris;Adolfo Suárez M... (MAD), Madrid;· Klm Royal Dutch Airlines;· Klm Royal Dutch Airlines;6 h 55 min;4 h 50 min;1 escale;1 escale;12:40;19:35;13:00;17:50
258;380,96;Paris Beauvais (BVA), Paris;Adolfo Suárez M... (MAD), Madrid;Adolfo Suárez M... (MAD), Madrid;Orly (ORY), Paris;· British Airways;· Iberia;6 h 00 min;2 h 10 min;1 escale;direct;16:10;22:10;19:55;22:05
259;384,13;Adolfo Suárez M... (MAD), Madrid;Orly (ORY), Paris;Paris Beauvais (BVA), Paris;Adolfo Suárez M... (MAD), Madrid;· Iberia;· British Airways;2 h 05 min;5 h 20 min;direct;1 escale;10:15;12:20;12:05;17:25
260;384,13;Paris Beauvais (BVA), Paris;Adolfo Suárez M... (MAD), Madrid;Adolfo Suárez M... (MAD), Madrid;Paris Beauvais (BVA), Paris;· Iberia;· British Airways;2 h 05 min;5 h 20 min;direct;1 escale;17:20;19:25;12:05;17:25
261;385,08;Adolfo Suárez M... (MAD), Madrid;Paris Beauvais (BVA), Paris;Orly (ORY), Paris;Adolfo Suárez M... (MAD), Madrid;· Klm Royal Dutch Airlines;· Klm Royal Dutch Airlines;6 h 30 min;6 h 10 min;1 escale;1 escale;16:55;23:25;13:00;19:10
262;385,08;Orly (ORY), Paris;Adolfo Suárez M... (MAD), Madrid;Adolfo Suárez M... (MAD), Madrid;Paris Beauvais (BVA), Paris;· Klm Royal Dutch Airlines;· Klm Royal Dutch Airlines;6 h 30 min;5 h 10 min;1 escale;1 escale;16:55;23:25;11:00;16:10
263;386,42;Adolfo Suárez M... (MAD), Madrid;Paris Beauvais (BVA), Paris;Paris Beauvais (BVA), Paris;Adolfo Suárez M... (MAD), Madrid;· Air France;· Klm Royal Dutch Airlines;2 h 05 min;4 h 50 min;direct;1 escale;15:20;17:25;13:00;17:50
264;388,21;Paris Beauvais (BVA), Paris;Adolfo Suárez M... (MAD), Madrid;Adolfo Suárez M... (MAD), Madrid;Paris Beauvais (BVA), Paris;· Iberia;· British Airways;2 h 15 min;5 h 20 min;direct;1 escale;11:40;13:55;12:05;17:25
265;388,51;Adolfo Suárez M... (MAD), Madrid;Paris Beauvais (BVA), Paris;Paris Beauvais (BVA), Paris;Adolfo Suárez M... (MAD), Madrid;· Lufthansa;· Lufthansa;8 h 30 min;5 h 50 min;1 escale;1 escale;14:45;23:15;16:55;22:45
266;392,07;Paris Beauvais (BVA), Paris;Adolfo Suárez M... (MAD), Madrid;Adolfo Suárez M... (MAD), Madrid;Paris Beauvais (BVA), Paris;· Klm Royal Dutch Airlines;· Air France;4 h 45 min;2 h 10 min;1 escale;direct;18:40;23:25;20:10;22:20
267;392,07;Adolfo Suárez M... (MAD), Madrid;Paris Beauvais (BVA), Paris;Orly (ORY), Paris;Adolfo Suárez M... (MAD), Madrid;· Klm Royal Dutch Airlines;· Air France;4 h 45 min;2 h 10 min;1 escale;direct;18:40;23:25;16:25;18:35
268;394,57;Orly (ORY), Paris;Adolfo Suárez M... (MAD), Madrid;Adolfo Suárez M... (MAD), Madrid;Paris Beauvais (BVA), Paris;· Air France;· Air France;2 h 05 min;2 h 10 min;direct;direct;09:20;11:25;12:25;14:35
269;394,57;Adolfo Suárez M... (MAD), Madrid;Paris Beauvais (BVA), Paris;Paris Beauvais (BVA), Paris;Adolfo Suárez M... (MAD), Madrid;· Air France;· Air France;2 h 05 min;2 h 10 min;direct;direct;09:20;11:25;10:00;12:10
270;396,48;Paris Beauvais (BVA), Paris;Adolfo Suárez M... (MAD), Madrid;Adolfo Suárez M... (MAD), Madrid;Orly (ORY), Paris;· British Airways;· Iberia;6 h 00 min;2 h 05 min;1 escale;direct;16:10;22:10;11:35;13:40
271;396,48;Adolfo Suárez M... (MAD), Madrid;Orly (ORY), Paris;Paris Beauvais (BVA), Paris;Adolfo Suárez M... (MAD), Madrid;· British Airways;· Iberia;6 h 00 min;2 h 05 min;1 escale;direct;16:10;22:10;18:05;20:10
272;401,39;Paris Beauvais (BVA), Paris;Adolfo Suárez M... (MAD), Madrid;Adolfo Suárez M... (MAD), Madrid;Orly (ORY), Paris;· Air France;· Air France;2 h 05 min;2 h 20 min;direct;direct;09:20;11:25;06:40;09:00
273;402,63;Adolfo Suárez M... (MAD), Madrid;Orly (ORY), Paris;Paris Beauvais (BVA), Paris;Adolfo Suárez M... (MAD), Madrid;· Iberia;· British Airways;2 h 05 min;5 h 20 min;direct;1 escale;20:55;23:00;12:05;17:25
274;402,63;Paris Beauvais (BVA), Paris;Adolfo Suárez M... (MAD), Madrid;Adolfo Suárez M... (MAD), Madrid;Orly (ORY), Paris;· Iberia;· British Airways;2 h 05 min;5 h 20 min;direct;1 escale;19:25;21:30;12:05;17:25
275;406,51;Adolfo Suárez M... (MAD), Madrid;Orly (ORY), Paris;Paris Beauvais (BVA), Paris;Adolfo Suárez M... (MAD), Madrid;· Klm Royal Dutch Airlines;· Klm Royal Dutch Airlines;6 h 30 min;4 h 50 min;1 escale;1 escale;16:55;23:25;13:00;17:50
276;408,22;Paris Beauvais (BVA), Paris;Adolfo Suárez M... (MAD), Madrid;Adolfo Suárez M... (MAD), Madrid;Paris Beauvais (BVA), Paris;· Iberia;· British Airways;2 h 05 min;6 h 45 min;direct;1 escale;12:40;14:45;08:40;15:25
277;408,48;Adolfo Suárez M... (MAD), Madrid;Paris Beauvais (BVA), Paris;Paris Beauvais (BVA), Paris;Adolfo Suárez M... (MAD), Madrid;· Iberia;· British Airways;2 h 05 min;7 h 05 min;direct;1 escale;12:40;14:45;12:40;19:45
278;411,44;Paris Beauvais (BVA), Paris;Adolfo Suárez M... (MAD), Madrid;Adolfo Suárez M... (MAD), Madrid;Orly (ORY), Paris;· Air Europa;· Air Europa;2 h 00 min;1 h 55 min;direct;direct;17:05;19:05;07:10;09:05
279;411,44;Adolfo Suárez M... (MAD), Madrid;Orly (ORY), Paris;Orly (ORY), Paris;Adolfo Suárez M... (MAD), Madrid;· Air Europa;· Air Europa;2 h 00 min;1 h 55 min;direct;direct;17:05;19:05;16:40;18:35
280;411,44;Orly (ORY), Paris;Adolfo Suárez M... (MAD), Madrid;Adolfo Suárez M... (MAD), Madrid;Paris Beauvais (BVA), Paris;· Air Europa;· Air Europa;2 h 00 min;1 h 55 min;direct;direct;17:05;19:05;14:10;16:05
281;418,57;Adolfo Suárez M... (MAD), Madrid;Paris Beauvais (BVA), Paris;Orly (ORY), Paris;Adolfo Suárez M... (MAD), Madrid;· Klm Royal Dutch Airlines;· Air France;6 h 55 min;2 h 10 min;1 escale;direct;12:40;19:35;16:25;18:35
282;418,57;Orly (ORY), Paris;Adolfo Suárez M... (MAD), Madrid;Adolfo Suárez M... (MAD), Madrid;Paris Beauvais (BVA), Paris;· Klm Royal Dutch Airlines;· Air France;6 h 55 min;2 h 10 min;1 escale;direct;12:40;19:35;20:10;22:20
283;419,70;Adolfo Suárez M... (MAD), Madrid;Paris Beauvais (BVA), Paris;Orly (ORY), Paris;Adolfo Suárez M... (MAD), Madrid;· British Airways;· British Airways;6 h 00 min;6 h 25 min;1 escale;1 escale;16:10;22:10;07:40;14:05
284;420,16;Orly (ORY), Paris;Adolfo Suárez M... (MAD), Madrid;Adolfo Suárez M... (MAD), Madrid;Paris Beauvais (BVA), Paris;· Iberia;· British Airways;2 h 05 min;7 h 05 min;direct;1 escale;10:15;12:20;12:40;19:45
285;421,70;Adolfo Suárez M... (MAD), Madrid;Paris Beauvais (BVA), Paris;Charles De Gaul... (CDG), Paris;Adolfo Suárez M... (MAD), Madrid;· British Airways;· Iberia;6 h 00 min;2 h 05 min;1 escale;direct;16:10;22:10;09:50;11:55
286;421,70;Charles De Gaul... (CDG), Paris;Adolfo Suárez M... (MAD), Madrid;Adolfo Suárez M... (MAD), Madrid;Paris Beauvais (BVA), Paris;· British Airways;· Iberia;6 h 00 min;2 h 05 min;1 escale;direct;16:10;22:10;07:25;09:30
287;423,27;Adolfo Suárez M... (MAD), Madrid;Paris Beauvais (BVA), Paris;Orly (ORY), Paris;Adolfo Suárez M... (MAD), Madrid;· Iberia;· British Airways;2 h 15 min;7 h 05 min;direct;1 escale;11:40;13:55;12:40;19:45
288;423,99;Orly (ORY), Paris;Adolfo Suárez M... (MAD), Madrid;Adolfo Suárez M... (MAD), Madrid;Paris Beauvais (BVA), Paris;· Iberia;· British Airways;2 h 15 min;6 h 45 min;direct;1 escale;11:40;13:55;08:40;15:25
289;424,77;Adolfo Suárez M... (MAD), Madrid;Paris Beauvais (BVA), Paris;Charles De Gaul... (CDG), Paris;Adolfo Suárez M... (MAD), Madrid;· Air France;· Air France;2 h 05 min;2 h 10 min;direct;direct;15:20;17:25;20:10;22:20
290;424,77;Charles De Gaul... (CDG), Paris;Adolfo Suárez M... (MAD), Madrid;Adolfo Suárez M... (MAD), Madrid;Paris Beauvais (BVA), Paris;· Air France;· Air France;2 h 05 min;2 h 10 min;direct;direct;15:20;17:25;16:25;18:35
291;426,50;Adolfo Suárez M... (MAD), Madrid;Paris Beauvais (BVA), Paris;Orly (ORY), Paris;Adolfo Suárez M... (MAD), Madrid;· Lufthansa;· Lufthansa;4 h 40 min;5 h 50 min;1 escale;1 escale;11:15;15:55;16:55;22:45
292;435,74;Orly (ORY), Paris;Adolfo Suárez M... (MAD), Madrid;Adolfo Suárez M... (MAD), Madrid;Orly (ORY), Paris;· Iberia;· British Airways;2 h 05 min;6 h 25 min;direct;1 escale;10:15;12:20;09:00;15:25
293;436,10;Adolfo Suárez M... (MAD), Madrid;Orly (ORY), Paris;Charles De Gaul... (CDG), Paris;Adolfo Suárez M... (MAD), Madrid;· Air France;· Klm Royal Dutch Airlines;2 h 05 min;6 h 10 min;direct;1 escale;09:20;11:25;13:00;19:10
294;436,10;Charles De Gaul... (CDG), Paris;Adolfo Suárez M... (MAD), Madrid;Adolfo Suárez M... (MAD), Madrid;Paris Beauvais (BVA), Paris;· Air France;· Klm Royal Dutch Airlines;2 h 05 min;5 h 10 min;direct;1 escale;09:20;11:25;11:00;16:10
295;438,85;Adolfo Suárez M... (MAD), Madrid;Paris Beauvais (BVA), Paris;Orly (ORY), Paris;Adolfo Suárez M... (MAD), Madrid;· Iberia;· British Airways;2 h 15 min;6 h 25 min;direct;1 escale;11:40;13:55;09:00;15:25
296;442,36;Orly (ORY), Paris;Adolfo Suárez M... (MAD), Madrid;Adolfo Suárez M... (MAD), Madrid;Paris Beauvais (BVA), Paris;· Klm Royal Dutch Airlines;· Klm Royal Dutch Airlines;4 h 45 min;4 h 55 min;1 escale;1 escale;18:40;23:25;06:00;10:55
297;442,39;Adolfo Suárez M... (MAD), Madrid;Paris Beauvais (BVA), Paris;Orly (ORY), Paris;Adolfo Suárez M... (MAD), Madrid;· Iberia;· British Airways;2 h 15 min;7 h 05 min;direct;1 escale;07:30;09:45;15:50;22:55
298;444,87;Orly (ORY), Paris;Adolfo Suárez M... (MAD), Madrid;Adolfo Suárez M... (MAD), Madrid;Paris Beauvais (BVA), Paris;· Klm Royal Dutch Airlines;· Air France;6 h 30 min;2 h 10 min;1 escale;direct;16:55;23:25;20:10;22:20
299;444,87;Adolfo Suárez M... (MAD), Madrid;Paris Beauvais (BVA), Paris;Orly (ORY), Paris;Adolfo Suárez M... (MAD), Madrid;· Klm Royal Dutch Airlines;· Air France;6 h 30 min;2 h 10 min;1 escale;direct;16:55;23:25;16:25;18:35
300;449,18;Orly (ORY), Paris;Adolfo Suárez M... (MAD), Madrid;Adolfo Suárez M... (MAD), Madrid;Charles De Gaul... (CDG), Paris;· Iberia;· Iberia;2 h 05 min;2 h 10 min;direct;direct;07:30;09:35;19:55;22:05
301;451,83;Adolfo Suárez M... (MAD), Madrid;Charles De Gaul... (CDG), Paris;Orly (ORY), Paris;Adolfo Suárez M... (MAD), Madrid;· Lufthansa;· Lufthansa;7 h 25 min;5 h 05 min;1 escale;1 escale;08:30;15:55;08:30;13:35
302;457,53;Orly (ORY), Paris;Adolfo Suárez M... (MAD), Madrid;Adolfo Suárez M... (MAD), Madrid;Orly (ORY), Paris;· Air France;· Klm Royal Dutch Airlines;2 h 05 min;4 h 50 min;direct;1 escale;09:20;11:25;13:00;17:50
303;459,92;Adolfo Suárez M... (MAD), Madrid;Orly (ORY), Paris;Orly (ORY), Paris;Adolfo Suárez M... (MAD), Madrid;· Iberia;· British Airways;2 h 15 min;6 h 25 min;direct;1 escale;07:30;09:45;07:40;14:05
304;459,92;Orly (ORY), Paris;Adolfo Suárez M... (MAD), Madrid;Adolfo Suárez M... (MAD), Madrid;Orly (ORY), Paris;· Iberia;· British Airways;2 h 15 min;7 h 15 min;direct;1 escale;07:30;09:45;06:50;14:05
305;459,92;Adolfo Suárez M... (MAD), Madrid;Orly (ORY), Paris;Charles De Gaul... (CDG), Paris;Adolfo Suárez M... (MAD), Madrid;· Iberia;· British Airways;2 h 15 min;5 h 40 min;direct;1 escale;07:30;09:45;17:15;22:55
306;466,65;Charles De Gaul... (CDG), Paris;Adolfo Suárez M... (MAD), Madrid;Adolfo Suárez M... (MAD), Madrid;Orly (ORY), Paris;· Iberia;· British Airways;2 h 05 min;6 h 45 min;direct;1 escale;14:25;16:30;08:40;15:25
307;467,89;Adolfo Suárez M... (MAD), Madrid;Orly (ORY), Paris;Charles De Gaul... (CDG), Paris;Adolfo Suárez M... (MAD), Madrid;· Klm Royal Dutch Airlines;· Klm Royal Dutch Airlines;6 h 55 min;4 h 55 min;1 escale;1 escale;12:40;19:35;06:00;10:55
308;475,07;Charles De Gaul... (CDG), Paris;Adolfo Suárez M... (MAD), Madrid;Adolfo Suárez M... (MAD), Madrid;Orly (ORY), Paris;· Air France;· Klm Royal Dutch Airlines;2 h 05 min;4 h 55 min;direct;1 escale;15:20;17:25;06:00;10:55
309;478,33;Adolfo Suárez M... (MAD), Madrid;Orly (ORY), Paris;Orly (ORY), Paris;Adolfo Suárez M... (MAD), Madrid;· Iberia;· British Airways;2 h 05 min;6 h 45 min;direct;1 escale;10:15;12:20;08:40;15:25
310;478,33;Orly (ORY), Paris;Adolfo Suárez M... (MAD), Madrid;Adolfo Suárez M... (MAD), Madrid;Orly (ORY), Paris;· Iberia;· British Airways;2 h 05 min;6 h 45 min;direct;1 escale;17:20;19:25;08:40;15:25
311;479,65;Adolfo Suárez M... (MAD), Madrid;Orly (ORY), Paris;Orly (ORY), Paris;Adolfo Suárez M... (MAD), Madrid;· Lufthansa;· Lufthansa;8 h 30 min;5 h 05 min;1 escale;1 escale;09:10;17:40;08:30;13:35
312;484,20;Orly (ORY), Paris;Adolfo Suárez M... (MAD), Madrid;Adolfo Suárez M... (MAD), Madrid;Orly (ORY), Paris;· Air France;· Air France;2 h 10 min;2 h 10 min;direct;direct;13:15;15:25;18:25;20:35
313;484,20;Adolfo Suárez M... (MAD), Madrid;Orly (ORY), Paris;Orly (ORY), Paris;Adolfo Suárez M... (MAD), Madrid;· Air France;· Air France;2 h 10 min;2 h 10 min;direct;direct;20:55;23:05;18:25;20:35
314;484,43;Orly (ORY), Paris;Adolfo Suárez M... (MAD), Madrid;Adolfo Suárez M... (MAD), Madrid;Orly (ORY), Paris;· Iberia;· British Airways;2 h 05 min;7 h 05 min;direct;1 escale;14:25;16:30;12:40;19:45
315;484,43;Adolfo Suárez M... (MAD), Madrid;Orly (ORY), Paris;Orly (ORY), Paris;Adolfo Suárez M... (MAD), Madrid;· Iberia;· British Airways;2 h 05 min;7 h 05 min;direct;1 escale;12:40;14:45;12:40;19:45
316;485,17;Orly (ORY), Paris;Adolfo Suárez M... (MAD), Madrid;Adolfo Suárez M... (MAD), Madrid;Orly (ORY), Paris;· Air France;· Air France;2 h 10 min;2 h 10 min;direct;direct;06:55;09:05;12:25;14:35
317;485,17;Adolfo Suárez M... (MAD), Madrid;Orly (ORY), Paris;Orly (ORY), Paris;Adolfo Suárez M... (MAD), Madrid;· Air France;· Air France;2 h 10 min;2 h 10 min;direct;direct;06:55;09:05;10:00;12:10
318;488,01;Orly (ORY), Paris;Adolfo Suárez M... (MAD), Madrid;Adolfo Suárez M... (MAD), Madrid;Orly (ORY), Paris;· Air Europa;· Air Europa;2 h 00 min;1 h 55 min;direct;direct;19:40;21:40;16:40;18:35
319;488,01;Adolfo Suárez M... (MAD), Madrid;Orly (ORY), Paris;Orly (ORY), Paris;Adolfo Suárez M... (MAD), Madrid;· Air Europa;· Air Europa;2 h 00 min;1 h 55 min;direct;direct;19:40;21:40;14:10;16:05
320;488,01;Orly (ORY), Paris;Adolfo Suárez M... (MAD), Madrid;Adolfo Suárez M... (MAD), Madrid;Orly (ORY), Paris;· Air Europa;· Air Europa;2 h 00 min;1 h 55 min;direct;direct;10:05;12:05;16:40;18:35
321;488,01;Adolfo Suárez M... (MAD), Madrid;Orly (ORY), Paris;Orly (ORY), Paris;Adolfo Suárez M... (MAD), Madrid;· Air Europa;· Air Europa;2 h 00 min;1 h 55 min;direct;direct;10:05;12:05;14:10;16:05
322;488,01;Orly (ORY), Paris;Adolfo Suárez M... (MAD), Madrid;Adolfo Suárez M... (MAD), Madrid;Orly (ORY), Paris;· Air Europa;· Air Europa;2 h 00 min;1 h 55 min;direct;direct;19:40;21:40;07:10;09:05
323;488,01;Adolfo Suárez M... (MAD), Madrid;Orly (ORY), Paris;Orly (ORY), Paris;Adolfo Suárez M... (MAD), Madrid;· Air Europa;· Air Europa;2 h 00 min;1 h 55 min;direct;direct;10:05;12:05;07:10;09:05
324;488,01;Orly (ORY), Paris;Adolfo Suárez M... (MAD), Madrid;Adolfo Suárez M... (MAD), Madrid;Orly (ORY), Paris;· Air Europa;· Air Europa;2 h 00 min;1 h 55 min;direct;direct;19:40;21:40;16:40;18:35
325;488,01;Adolfo Suárez M... (MAD), Madrid;Orly (ORY), Paris;Orly (ORY), Paris;Adolfo Suárez M... (MAD), Madrid;· Air Europa;· Air Europa;2 h 00 min;1 h 55 min;direct;direct;19:40;21:40;14:10;16:05
326;488,01;Orly (ORY), Paris;Adolfo Suárez M... (MAD), Madrid;Adolfo Suárez M... (MAD), Madrid;Orly (ORY), Paris;· Air Europa;· Air Europa;2 h 00 min;1 h 55 min;direct;direct;10:05;12:05;16:40;18:35
327;488,01;Adolfo Suárez M... (MAD), Madrid;Orly (ORY), Paris;Orly (ORY), Paris;Adolfo Suárez M... (MAD), Madrid;· Air Europa;· Air Europa;2 h 00 min;1 h 55 min;direct;direct;10:05;12:05;14:10;16:05
328;491,02;Orly (ORY), Paris;Adolfo Suárez M... (MAD), Madrid;Adolfo Suárez M... (MAD), Madrid;Charles De Gaul... (CDG), Paris;· Air France;· Air France;2 h 10 min;2 h 20 min;direct;direct;06:55;09:05;06:40;09:00
329;495,17;Adolfo Suárez M... (MAD), Madrid;Charles De Gaul... (CDG), Paris;Orly (ORY), Paris;Adolfo Suárez M... (MAD), Madrid;· Klm Royal Dutch Airlines;· Klm Royal Dutch Airlines;6 h 30 min;4 h 55 min;1 escale;1 escale;16:55;23:25;06:00;10:55
330;495,89;Orly (ORY), Paris;Adolfo Suárez M... (MAD), Madrid;Adolfo Suárez M... (MAD), Madrid;Charles De Gaul... (CDG), Paris;· Air France;· Air France;2 h 05 min;2 h 10 min;direct;direct;09:20;11:25;20:10;22:20
331;495,89;Adolfo Suárez M... (MAD), Madrid;Charles De Gaul... (CDG), Paris;Charles De Gaul... (CDG), Paris;Adolfo Suárez M... (MAD), Madrid;· Air France;· Air France;2 h 05 min;2 h 10 min;direct;direct;09:20;11:25;16:25;18:35
332;495,94;Charles De Gaul... (CDG), Paris;Adolfo Suárez M... (MAD), Madrid;Adolfo Suárez M... (MAD), Madrid;Orly (ORY), Paris;· Iberia;· British Airways;2 h 15 min;7 h 45 min;direct;1 escale;07:30;09:45;07:40;15:25
333;499,49;Adolfo Suárez M... (MAD), Madrid;Orly (ORY), Paris;Charles De Gaul... (CDG), Paris;Adolfo Suárez M... (MAD), Madrid;· ITA Airways;· ITA Airways;5 h 30 min;5 h 35 min;1 escale;1 escale;11:45;17:15;18:05;23:40
334;502,22;Charles De Gaul... (CDG), Paris;Adolfo Suárez M... (MAD), Madrid;Adolfo Suárez M... (MAD), Madrid;Orly (ORY), Paris;· Lufthansa;· Lufthansa;8 h 35 min;5 h 05 min;1 escale;1 escale;09:05;17:40;08:30;13:35
335;503,32;Adolfo Suárez M... (MAD), Madrid;Orly (ORY), Paris;Orly (ORY), Paris;Adolfo Suárez M... (MAD), Madrid;· Klm Royal Dutch Airlines;· Air France;5 h 05 min;2 h 10 min;1 escale;direct;07:10;12:15;12:25;14:35
336;503,32;Orly (ORY), Paris;Adolfo Suárez M... (MAD), Madrid;Adolfo Suárez M... (MAD), Madrid;Orly (ORY), Paris;· Klm Royal Dutch Airlines;· Air France;5 h 05 min;2 h 10 min;1 escale;direct;07:10;12:15;10:00;12:10
337;509,17;Adolfo Suárez M... (MAD), Madrid;Orly (ORY), Paris;Orly (ORY), Paris;Adolfo Suárez M... (MAD), Madrid;· Klm Royal Dutch Airlines;· Air France;5 h 05 min;2 h 20 min;1 escale;direct;07:10;12:15;06:40;09:00
338;511,62;Orly (ORY), Paris;Adolfo Suárez M... (MAD), Madrid;Adolfo Suárez M... (MAD), Madrid;Orly (ORY), Paris;· British Airways;· British Airways;5 h 45 min;5 h 40 min;1 escale;1 escale;07:00;12:45;17:15;22:55
339;525,73;Adolfo Suárez M... (MAD), Madrid;Orly (ORY), Paris;Orly (ORY), Paris;Adolfo Suárez M... (MAD), Madrid;· Air France;· Klm Royal Dutch Airlines;2 h 10 min;6 h 10 min;direct;1 escale;06:55;09:05;13:00;19:10
340;525,73;Orly (ORY), Paris;Adolfo Suárez M... (MAD), Madrid;Adolfo Suárez M... (MAD), Madrid;Orly (ORY), Paris;· Air France;· Klm Royal Dutch Airlines;2 h 10 min;5 h 10 min;direct;1 escale;06:55;09:05;11:00;16:10
341;541,30;Adolfo Suárez M... (MAD), Madrid;Orly (ORY), Paris;Orly (ORY), Paris;Adolfo Suárez M... (MAD), Madrid;· TAP Portugal;· TAP Portugal;6 h 55 min;5 h 05 min;2 escales;1 escale;07:10;14:05;17:55;23:00
342;550,40;Orly (ORY), Paris;Adolfo Suárez M... (MAD), Madrid;Adolfo Suárez M... (MAD), Madrid;Orly (ORY), Paris;· British Airways;· British Airways;6 h 00 min;6 h 45 min;1 escale;1 escale;16:10;22:10;08:40;15:25
343;555,28;Adolfo Suárez M... (MAD), Madrid;Orly (ORY), Paris;Charles De Gaul... (CDG), Paris;Adolfo Suárez M... (MAD), Madrid;· Klm Royal Dutch Airlines;· Klm Royal Dutch Airlines;5 h 05 min;5 h 10 min;1 escale;1 escale;07:10;12:15;11:00;16:10
344;555,28;Charles De Gaul... (CDG), Paris;Adolfo Suárez M... (MAD), Madrid;Adolfo Suárez M... (MAD), Madrid;Orly (ORY), Paris;· Klm Royal Dutch Airlines;· Klm Royal Dutch Airlines;5 h 05 min;6 h 10 min;1 escale;1 escale;07:10;12:15;13:00;19:10
345;557,65;Adolfo Suárez M... (MAD), Madrid;Orly (ORY), Paris;Charles De Gaul... (CDG), Paris;Adolfo Suárez M... (MAD), Madrid;· Air France;· Klm Royal Dutch Airlines;2 h 05 min;4 h 55 min;direct;1 escale;09:20;11:25;06:00;10:55
346;559,65;Charles De Gaul... (CDG), Paris;Adolfo Suárez M... (MAD), Madrid;Adolfo Suárez M... (MAD), Madrid;Orly (ORY), Paris;· Air France;· Klm Royal Dutch Airlines;2 h 10 min;4 h 50 min;direct;1 escale;06:55;09:05;13:00;17:50
347;560,80;Adolfo Suárez M... (MAD), Madrid;Orly (ORY), Paris;Charles De Gaul... (CDG), Paris;Adolfo Suárez M... (MAD), Madrid;· Lufthansa;· Lufthansa;7 h 25 min;5 h 50 min;1 escale;1 escale;08:30;15:55;16:55;22:45
348;561,45;Charles De Gaul... (CDG), Paris;Adolfo Suárez M... (MAD), Madrid;Adolfo Suárez M... (MAD), Madrid;Charles De Gaul... (CDG), Paris;· Klm Royal Dutch Airlines;· Air France;4 h 45 min;2 h 10 min;1 escale;direct;18:40;23:25;18:25;20:35
349;578,28;Adolfo Suárez M... (MAD), Madrid;Charles De Gaul... (CDG), Paris;Charles De Gaul... (CDG), Paris;Adolfo Suárez M... (MAD), Madrid;· Klm Royal Dutch Airlines;· Klm Royal Dutch Airlines;5 h 05 min;4 h 50 min;1 escale;1 escale;07:10;12:15;13:00;17:50
350;584,40;Charles De Gaul... (CDG), Paris;Adolfo Suárez M... (MAD), Madrid;Adolfo Suárez M... (MAD), Madrid;Charles De Gaul... (CDG), Paris;· British Airways;· British Airways;7 h 25 min;6 h 45 min;1 escale;1 escale;11:50;19:15;08:40;15:25
351;584,40;Adolfo Suárez M... (MAD), Madrid;Charles De Gaul... (CDG), Paris;Charles De Gaul... (CDG), Paris;Adolfo Suárez M... (MAD), Madrid;· British Airways;· British Airways;6 h 00 min;8 h 45 min;1 escale;1 escale;16:10;22:10;08:40;17:25
352;587,65;Charles De Gaul... (CDG), Paris;Adolfo Suárez M... (MAD), Madrid;Adolfo Suárez M... (MAD), Madrid;Charles De Gaul... (CDG), Paris;· Klm Royal Dutch Airlines;· Air France;6 h 55 min;2 h 10 min;1 escale;direct;12:40;19:35;18:25;20:35
353;589,35;Adolfo Suárez M... (MAD), Madrid;Charles De Gaul... (CDG), Paris;Charles De Gaul... (CDG), Paris;Adolfo Suárez M... (MAD), Madrid;· Lufthansa;· Lufthansa;8 h 30 min;5 h 50 min;1 escale;1 escale;09:10;17:40;16:55;22:45
354;595,02;Charles De Gaul... (CDG), Paris;Adolfo Suárez M... (MAD), Madrid;Adolfo Suárez M... (MAD), Madrid;Charles De Gaul... (CDG), Paris;· Air France;· Air France;2 h 05 min;2 h 10 min;direct;direct;15:20;17:25;18:25;20:35
355;599,02;Adolfo Suárez M... (MAD), Madrid;Charles De Gaul... (CDG), Paris;Charles De Gaul... (CDG), Paris;Adolfo Suárez M... (MAD), Madrid;· Air France;· Air France;2 h 10 min;2 h 10 min;direct;direct;06:55;09:05;16:25;18:35
356;599,02;Charles De Gaul... (CDG), Paris;Adolfo Suárez M... (MAD), Madrid;Adolfo Suárez M... (MAD), Madrid;Charles De Gaul... (CDG), Paris;· Air France;· Air France;2 h 10 min;2 h 10 min;direct;direct;06:55;09:05;20:10;22:20
357;612,52;Adolfo Suárez M... (MAD), Madrid;Charles De Gaul... (CDG), Paris;Charles De Gaul... (CDG), Paris;Adolfo Suárez M... (MAD), Madrid;· Lufthansa;· Lufthansa;8 h 35 min;5 h 50 min;1 escale;1 escale;09:05;17:40;16:55;22:45
358;615,65;Charles De Gaul... (CDG), Paris;Adolfo Suárez M... (MAD), Madrid;Adolfo Suárez M... (MAD), Madrid;Charles De Gaul... (CDG), Paris;· Klm Royal Dutch Airlines;· Air France;6 h 30 min;2 h 10 min;1 escale;direct;16:55;23:25;18:25;20:35
359;616,45;Adolfo Suárez M... (MAD), Madrid;Charles De Gaul... (CDG), Paris;Charles De Gaul... (CDG), Paris;Adolfo Suárez M... (MAD), Madrid;· TAP Portugal;· TAP Portugal;4 h 35 min;6 h 45 min;1 escale;1 escale;12:35;17:10;14:55;21:40
360;616,45;Charles De Gaul... (CDG), Paris;Adolfo Suárez M... (MAD), Madrid;Adolfo Suárez M... (MAD), Madrid;Charles De Gaul... (CDG), Paris;· TAP Portugal;· TAP Portugal;4 h 35 min;5 h 05 min;1 escale;1 escale;12:35;17:10;17:55;23:00
361;616,45;Adolfo Suárez M... (MAD), Madrid;Charles De Gaul... (CDG), Paris;Charles De Gaul... (CDG), Paris;Adolfo Suárez M... (MAD), Madrid;· TAP Portugal;· TAP Portugal;4 h 40 min;6 h 45 min;1 escale;1 escale;06:40;11:20;14:55;21:40
362;616,45;Charles De Gaul... (CDG), Paris;Adolfo Suárez M... (MAD), Madrid;Adolfo Suárez M... (MAD), Madrid;Charles De Gaul... (CDG), Paris;· TAP Portugal;· TAP Portugal;4 h 40 min;5 h 05 min;1 escale;1 escale;06:40;11:20;17:55;23:00
363;616,45;Adolfo Suárez M... (MAD), Madrid;Charles De Gaul... (CDG), Paris;Charles De Gaul... (CDG), Paris;Adolfo Suárez M... (MAD), Madrid;· TAP Portugal;· TAP Portugal;5 h 00 min;6 h 45 min;1 escale;1 escale;15:20;20:20;14:55;21:40
364;616,45;Charles De Gaul... (CDG), Paris;Adolfo Suárez M... (MAD), Madrid;Adolfo Suárez M... (MAD), Madrid;Charles De Gaul... (CDG), Paris;· TAP Portugal;· TAP Portugal;5 h 00 min;5 h 05 min;1 escale;1 escale;15:20;20:20;17:55;23:00
365;616,45;Adolfo Suárez M... (MAD), Madrid;Charles De Gaul... (CDG), Paris;Charles De Gaul... (CDG), Paris;Adolfo Suárez M... (MAD), Madrid;· TAP Portugal;· TAP Portugal;6 h 05 min;6 h 45 min;1 escale;1 escale;08:00;14:05;14:55;21:40
366;616,45;Charles De Gaul... (CDG), Paris;Adolfo Suárez M... (MAD), Madrid;Adolfo Suárez M... (MAD), Madrid;Charles De Gaul... (CDG), Paris;· TAP Portugal;· TAP Portugal;6 h 05 min;5 h 05 min;1 escale;1 escale;08:00;14:05;17:55;23:00
367;617,40;Adolfo Suárez M... (MAD), Madrid;Charles De Gaul... (CDG), Paris;Charles De Gaul... (CDG), Paris;Adolfo Suárez M... (MAD), Madrid;· British Airways;· British Airways;7 h 25 min;8 h 45 min;1 escale;1 escale;11:50;19:15;08:40;17:25
368;617,65;Charles De Gaul... (CDG), Paris;Adolfo Suárez M... (MAD), Madrid;Adolfo Suárez M... (MAD), Madrid;Charles De Gaul... (CDG), Paris;· Klm Royal Dutch Airlines;· Air France;5 h 05 min;2 h 10 min;1 escale;direct;07:10;12:15;16:25;18:35
369;617,65;Adolfo Suárez M... (MAD), Madrid;Charles De Gaul... (CDG), Paris;Charles De Gaul... (CDG), Paris;Adolfo Suárez M... (MAD), Madrid;· Klm Royal Dutch Airlines;· Air France;5 h 05 min;2 h 10 min;1 escale;direct;07:10;12:15;20:10;22:20
370;620,56;Charles De Gaul... (CDG), Paris;Adolfo Suárez M... (MAD), Madrid;Adolfo Suárez M... (MAD), Madrid;Orly (ORY), Paris;· British Airways;· British Airways;5 h 45 min;5 h 20 min;1 escale;1 escale;07:00;12:45;12:05;17:25
371;638,40;Adolfo Suárez M... (MAD), Madrid;Orly (ORY), Paris;Charles De Gaul... (CDG), Paris;Adolfo Suárez M... (MAD), Madrid;· British Airways;· British Airways;6 h 40 min;6 h 45 min;1 escale;1 escale;11:50;18:30;08:40;15:25
372;644,65;Charles De Gaul... (CDG), Paris;Adolfo Suárez M... (MAD), Madrid;Adolfo Suárez M... (MAD), Madrid;Charles De Gaul... (CDG), Paris;· Klm Royal Dutch Airlines;· Air France;6 h 30 min;2 h 10 min;1 escale;direct;07:10;13:40;10:00;12:10
373;644,65;Adolfo Suárez M... (MAD), Madrid;Charles De Gaul... (CDG), Paris;Charles De Gaul... (CDG), Paris;Adolfo Suárez M... (MAD), Madrid;· Klm Royal Dutch Airlines;· Air France;6 h 30 min;2 h 10 min;1 escale;direct;07:10;13:40;12:25;14:35
374;649,65;Charles De Gaul... (CDG), Paris;Adolfo Suárez M... (MAD), Madrid;Adolfo Suárez M... (MAD), Madrid;Charles De Gaul... (CDG), Paris;· Air France;· Klm Royal Dutch Airlines;2 h 10 min;4 h 55 min;direct;1 escale;06:55;09:05;06:00;10:55
375;651,65;Adolfo Suárez M... (MAD), Madrid;Charles De Gaul... (CDG), Paris;Orly (ORY), Paris;Adolfo Suárez M... (MAD), Madrid;· Klm Royal Dutch Airlines;· Air France;6 h 30 min;2 h 20 min;1 escale;direct;07:10;13:40;06:40;09:00
376;656,45;Orly (ORY), Paris;Adolfo Suárez M... (MAD), Madrid;Adolfo Suárez M... (MAD), Madrid;Charles De Gaul... (CDG), Paris;· TAP Portugal;· TAP Portugal;4 h 35 min;4 h 55 min;1 escale;1 escale;12:35;17:10;06:50;11:45
377;656,45;Adolfo Suárez M... (MAD), Madrid;Charles De Gaul... (CDG), Paris;Orly (ORY), Paris;Adolfo Suárez M... (MAD), Madrid;· TAP Portugal;· TAP Portugal;4 h 35 min;4 h 40 min;1 escale;1 escale;12:35;17:10;12:10;16:50
378;656,45;Orly (ORY), Paris;Adolfo Suárez M... (MAD), Madrid;Adolfo Suárez M... (MAD), Madrid;Charles De Gaul... (CDG), Paris;· TAP Portugal;· TAP Portugal;4 h 35 min;4 h 50 min;1 escale;1 escale;12:35;17:10;14:55;19:45
379;656,45;Adolfo Suárez M... (MAD), Madrid;Charles De Gaul... (CDG), Paris;Orly (ORY), Paris;Adolfo Suárez M... (MAD), Madrid;· TAP Portugal;· TAP Portugal;4 h 40 min;4 h 55 min;1 escale;1 escale;06:40;11:20;06:50;11:45
380;656,45;Orly (ORY), Paris;Adolfo Suárez M... (MAD), Madrid;Adolfo Suárez M... (MAD), Madrid;Charles De Gaul... (CDG), Paris;· TAP Portugal;· TAP Portugal;4 h 40 min;4 h 40 min;1 escale;1 escale;06:40;11:20;12:10;16:50
381;656,45;Adolfo Suárez M... (MAD), Madrid;Charles De Gaul... (CDG), Paris;Orly (ORY), Paris;Adolfo Suárez M... (MAD), Madrid;· TAP Portugal;· TAP Portugal;4 h 40 min;4 h 50 min;1 escale;1 escale;06:40;11:20;14:55;19:45
382;656,45;Orly (ORY), Paris;Adolfo Suárez M... (MAD), Madrid;Adolfo Suárez M... (MAD), Madrid;Charles De Gaul... (CDG), Paris;· TAP Portugal;· TAP Portugal;5 h 00 min;4 h 55 min;1 escale;1 escale;15:20;20:20;06:50;11:45
383;656,45;Adolfo Suárez M... (MAD), Madrid;Charles De Gaul... (CDG), Paris;Charles De Gaul... (CDG), Paris;Adolfo Suárez M... (MAD), Madrid;· TAP Portugal;· TAP Portugal;5 h 00 min;4 h 40 min;1 escale;1 escale;15:20;20:20;12:10;16:50
384;656,45;Charles De Gaul... (CDG), Paris;Adolfo Suárez M... (MAD), Madrid;Adolfo Suárez M... (MAD), Madrid;Charles De Gaul... (CDG), Paris;· TAP Portugal;· TAP Portugal;5 h 00 min;4 h 50 min;1 escale;1 escale;15:20;20:20;14:55;19:45
385;656,45;Adolfo Suárez M... (MAD), Madrid;Charles De Gaul... (CDG), Paris;Charles De Gaul... (CDG), Paris;Adolfo Suárez M... (MAD), Madrid;· TAP Portugal;· TAP Portugal;6 h 05 min;4 h 55 min;1 escale;1 escale;08:00;14:05;06:50;11:45
386;656,45;Charles De Gaul... (CDG), Paris;Adolfo Suárez M... (MAD), Madrid;Adolfo Suárez M... (MAD), Madrid;Charles De Gaul... (CDG), Paris;· TAP Portugal;· TAP Portugal;6 h 05 min;4 h 40 min;1 escale;1 escale;08:00;14:05;12:10;16:50
387;656,45;Adolfo Suárez M... (MAD), Madrid;Charles De Gaul... (CDG), Paris;Charles De Gaul... (CDG), Paris;Adolfo Suárez M... (MAD), Madrid;· TAP Portugal;· TAP Portugal;6 h 05 min;4 h 50 min;1 escale;1 escale;08:00;14:05;14:55;19:45
388;656,45;Charles De Gaul... (CDG), Paris;Adolfo Suárez M... (MAD), Madrid;Adolfo Suárez M... (MAD), Madrid;Orly (ORY), Paris;· TAP Portugal;· TAP Portugal;5 h 40 min;6 h 45 min;1 escale;1 escale;17:40;23:20;14:55;21:40
389;656,45;Adolfo Suárez M... (MAD), Madrid;Orly (ORY), Paris;Charles De Gaul... (CDG), Paris;Adolfo Suárez M... (MAD), Madrid;· TAP Portugal;· TAP Portugal;5 h 40 min;5 h 05 min;1 escale;1 escale;17:40;23:20;17:55;23:00
390;668,02;Charles De Gaul... (CDG), Paris;Adolfo Suárez M... (MAD), Madrid;Adolfo Suárez M... (MAD), Madrid;Orly (ORY), Paris;· Air France;· Air France;2 h 05 min;2 h 10 min;direct;direct;09:20;11:25;18:25;20:35
391;668,28;Adolfo Suárez M... (MAD), Madrid;Orly (ORY), Paris;Charles De Gaul... (CDG), Paris;Adolfo Suárez M... (MAD), Madrid;· Klm Royal Dutch Airlines;· Klm Royal Dutch Airlines;5 h 05 min;4 h 55 min;1 escale;1 escale;07:10;12:15;06:00;10:55
392;687,28;Charles De Gaul... (CDG), Paris;Adolfo Suárez M... (MAD), Madrid;Adolfo Suárez M... (MAD), Madrid;Charles De Gaul... (CDG), Paris;· Klm Royal Dutch Airlines;· Klm Royal Dutch Airlines;6 h 30 min;6 h 10 min;1 escale;1 escale;07:10;13:40;13:00;19:10
393;687,28;Adolfo Suárez M... (MAD), Madrid;Charles De Gaul... (CDG), Paris;Charles De Gaul... (CDG), Paris;Adolfo Suárez M... (MAD), Madrid;· Klm Royal Dutch Airlines;· Klm Royal Dutch Airlines;6 h 30 min;5 h 10 min;1 escale;1 escale;07:10;13:40;11:00;16:10
394;696,45;Charles De Gaul... (CDG), Paris;Adolfo Suárez M... (MAD), Madrid;Adolfo Suárez M... (MAD), Madrid;Charles De Gaul... (CDG), Paris;· TAP Portugal;· TAP Portugal;5 h 40 min;4 h 55 min;1 escale;1 escale;17:40;23:20;06:50;11:45
395;696,45;Adolfo Suárez M... (MAD), Madrid;Charles De Gaul... (CDG), Paris;Orly (ORY), Paris;Adolfo Suárez M... (MAD), Madrid;· TAP Portugal;· TAP Portugal;5 h 40 min;4 h 40 min;1 escale;1 escale;17:40;23:20;12:10;16:50
396;696,45;Orly (ORY), Paris;Adolfo Suárez M... (MAD), Madrid;Adolfo Suárez M... (MAD), Madrid;Charles De Gaul... (CDG), Paris;· TAP Portugal;· TAP Portugal;5 h 40 min;4 h 50 min;1 escale;1 escale;17:40;23:20;14:55;19:45
397;709,28;Adolfo Suárez M... (MAD), Madrid;Charles De Gaul... (CDG), Paris;Orly (ORY), Paris;Adolfo Suárez M... (MAD), Madrid;· Klm Royal Dutch Airlines;· Klm Royal Dutch Airlines;6 h 30 min;4 h 50 min;1 escale;1 escale;07:10;13:40;13:00;17:50
398;748,65;Orly (ORY), Paris;Adolfo Suárez M... (MAD), Madrid;Adolfo Suárez M... (MAD), Madrid;Charles De Gaul... (CDG), Paris;· Klm Royal Dutch Airlines;· Air France;6 h 30 min;2 h 10 min;1 escale;direct;07:10;13:40;16:25;18:35
399;748,65;Adolfo Suárez M... (MAD), Madrid;Charles De Gaul... (CDG), Paris;Orly (ORY), Paris;Adolfo Suárez M... (MAD), Madrid;· Klm Royal Dutch Airlines;· Air France;6 h 30 min;2 h 10 min;1 escale;direct;07:10;13:40;20:10;22:20
400;760,02;Orly (ORY), Paris;Adolfo Suárez M... (MAD), Madrid;Adolfo Suárez M... (MAD), Madrid;Charles De Gaul... (CDG), Paris;· Air France;· Air France;2 h 10 min;2 h 10 min;direct;direct;06:55;09:05;18:25;20:35
401;779,65;Adolfo Suárez M... (MAD), Madrid;Charles De Gaul... (CDG), Paris;Orly (ORY), Paris;Adolfo Suárez M... (MAD), Madrid;· Klm Royal Dutch Airlines;· Air France;5 h 05 min;2 h 10 min;1 escale;direct;07:10;12:15;18:25;20:35
402;800,28;Orly (ORY), Paris;Adolfo Suárez M... (MAD), Madrid;Adolfo Suárez M... (MAD), Madrid;Charles De Gaul... (CDG), Paris;· Klm Royal Dutch Airlines;· Klm Royal Dutch Airlines;6 h 30 min;4 h 55 min;1 escale;1 escale;07:10;13:40;06:00;10:55
403;818,88;Adolfo Suárez M... (MAD), Madrid;Charles De Gaul... (CDG), Paris;Charles De Gaul... (CDG), Paris;Adolfo Suárez M... (MAD), Madrid;· ITA Airways;· ITA Airways;5 h 30 min;8 h 40 min;1 escale;1 escale;11:45;17:15;15:00;23:40
404;910,65;Charles De Gaul... (CDG), Paris;Adolfo Suárez M... (MAD), Madrid;Adolfo Suárez M... (MAD), Madrid;Orly (ORY), Paris;· Klm Royal Dutch Airlines;· Air France;6 h 30 min;2 h 10 min;1 escale;direct;07:10;13:40;18:25;20:35
405;1 329,24;Adolfo Suárez M... (MAD), Madrid;Orly (ORY), Paris;Charles De Gaul... (CDG), Paris;Adolfo Suárez M... (MAD), Madrid;· Luxair;· Air France;6 h 55 min;2 h 10 min;1 escale;direct;12:50;19:45;12:25;14:35
406;1 329,24;Charles De Gaul... (CDG), Paris;Adolfo Suárez M... (MAD), Madrid;Adolfo Suárez M... (MAD), Madrid;Orly (ORY), Paris;· Luxair;· Air France;6 h 55 min;2 h 10 min;1 escale;direct;12:50;19:45;18:25;20:35
407;1 329,24;Adolfo Suárez M... (MAD), Madrid;Orly (ORY), Paris;Orly (ORY), Paris;Adolfo Suárez M... (MAD), Madrid;· Luxair;· Air France;6 h 55 min;2 h 10 min;1 escale;direct;12:50;19:45;16:25;18:35
408;1 329,24;Orly (ORY), Paris;Adolfo Suárez M... (MAD), Madrid;Adolfo Suárez M... (MAD), Madrid;Orly (ORY), Paris;· Luxair;· Air France;6 h 55 min;2 h 10 min;1 escale;direct;12:50;19:45;10:00;12:10
409;1 329,24;Adolfo Suárez M... (MAD), Madrid;Orly (ORY), Paris;Orly (ORY), Paris;Adolfo Suárez M... (MAD), Madrid;· Luxair;· Air France;6 h 55 min;2 h 10 min;1 escale;direct;12:50;19:45;20:10;22:20
410;1 329,24;Orly (ORY), Paris;Adolfo Suárez M... (MAD), Madrid;Adolfo Suárez M... (MAD), Madrid;Charles De Gaul... (CDG), Paris;· Luxair;· Air France;6 h 55 min;2 h 20 min;1 escale;direct;12:50;19:45;06:40;09:00
